[
    {
        "id": "AN",
        "name": "Netherlands Antilles"
    },
    {
        "id": "ET",
        "name": "إثيوبيا"
    },
    {
        "id": "AZ",
        "name": "أذربيجان"
    },
    {
        "id": "AM",
        "name": "أرمينيا"
    },
    {
        "id": "AW",
        "name": "أروبا"
    },
    {
        "id": "ER",
        "name": "إريتريا"
    },
    {
        "id": "ES",
        "name": "إسبانيا"
    },
    {
        "id": "AU",
        "name": "أستراليا"
    },
    {
        "id": "EE",
        "name": "إستونيا"
    },
    {
        "id": "IL",
        "name": "إسرائيل"
    },
    {
        "id": "SZ",
        "name": "إسواتيني"
    },
    {
        "id": "AF",
        "name": "أفغانستان"
    },
    {
        "id": "AL",
        "name": "ألبانيا"
    },
    {
        "id": "DE",
        "name": "ألمانيا"
    },
    {
        "id": "AQ",
        "name": "أنتاركتيكا"
    },
    {
        "id": "AG",
        "name": "أنتيغوا وبربودا"
    },
    {
        "id": "AD",
        "name": "أندورا"
    },
    {
        "id": "ID",
        "name": "إندونيسيا"
    },
    {
        "id": "AO",
        "name": "أنغولا"
    },
    {
        "id": "AI",
        "name": "أنغويلا"
    },
    {
        "id": "UY",
        "name": "أورغواي"
    },
    {
        "id": "UZ",
        "name": "أوزبكستان"
    },
    {
        "id": "UG",
        "name": "أوغندا"
    },
    {
        "id": "UA",
        "name": "أوكرانيا"
    },
    {
        "id": "IR",
        "name": "إيران"
    },
    {
        "id": "IE",
        "name": "أيرلندا"
    },
    {
        "id": "IS",
        "name": "آيسلندا"
    },
    {
        "id": "IT",
        "name": "إيطاليا"
    },
    {
        "id": "PS",
        "name": "الأراضي الفلسطينية"
    },
    {
        "id": "AR",
        "name": "الأرجنتين"
    },
    {
        "id": "JO",
        "name": "الأردن"
    },
    {
        "id": "TF",
        "name": "الأقاليم الجنوبية الفرنسية"
    },
    {
        "id": "IO",
        "name": "الإقليم البريطاني في المحيط الهندي"
    },
    {
        "id": "EC",
        "name": "الإكوادور"
    },
    {
        "id": "AE",
        "name": "الإمارات العربية المتحدة"
    },
    {
        "id": "BH",
        "name": "البحرين"
    },
    {
        "id": "BR",
        "name": "البرازيل"
    },
    {
        "id": "PT",
        "name": "البرتغال"
    },
    {
        "id": "BA",
        "name": "البوسنة والهرسك"
    },
    {
        "id": "CZ",
        "name": "التشيك"
    },
    {
        "id": "ME",
        "name": "الجبل الأسود"
    },
    {
        "id": "DZ",
        "name": "الجزائر"
    },
    {
        "id": "DK",
        "name": "الدانمرك"
    },
    {
        "id": "CV",
        "name": "الرأس الأخضر"
    },
    {
        "id": "SV",
        "name": "السلفادور"
    },
    {
        "id": "SN",
        "name": "السنغال"
    },
    {
        "id": "SD",
        "name": "السودان"
    },
    {
        "id": "SE",
        "name": "السويد"
    },
    {
        "id": "EH",
        "name": "الصحراء الغربية"
    },
    {
        "id": "SO",
        "name": "الصومال"
    },
    {
        "id": "CN",
        "name": "الصين"
    },
    {
        "id": "IQ",
        "name": "العراق"
    },
    {
        "id": "GA",
        "name": "الغابون"
    },
    {
        "id": "VA",
        "name": "الفاتيكان"
    },
    {
        "id": "PH",
        "name": "الفلبين"
    },
    {
        "id": "CM",
        "name": "الكاميرون"
    },
    {
        "id": "CG",
        "name": "الكونغو - برازافيل"
    },
    {
        "id": "CD",
        "name": "الكونغو - كينشاسا"
    },
    {
        "id": "KW",
        "name": "الكويت"
    },
    {
        "id": "MA",
        "name": "المغرب"
    },
    {
        "id": "MX",
        "name": "المكسيك"
    },
    {
        "id": "SA",
        "name": "المملكة العربية السعودية"
    },
    {
        "id": "GB",
        "name": "المملكة المتحدة"
    },
    {
        "id": "NO",
        "name": "النرويج"
    },
    {
        "id": "AT",
        "name": "النمسا"
    },
    {
        "id": "NE",
        "name": "النيجر"
    },
    {
        "id": "IN",
        "name": "الهند"
    },
    {
        "id": "US",
        "name": "الولايات المتحدة"
    },
    {
        "id": "JP",
        "name": "اليابان"
    },
    {
        "id": "YE",
        "name": "اليمن"
    },
    {
        "id": "GR",
        "name": "اليونان"
    },
    {
        "id": "PG",
        "name": "بابوا غينيا الجديدة"
    },
    {
        "id": "PY",
        "name": "باراغواي"
    },
    {
        "id": "PK",
        "name": "باكستان"
    },
    {
        "id": "PW",
        "name": "بالاو"
    },
    {
        "id": "BB",
        "name": "بربادوس"
    },
    {
        "id": "BM",
        "name": "برمودا"
    },
    {
        "id": "BN",
        "name": "بروناي"
    },
    {
        "id": "BE",
        "name": "بلجيكا"
    },
    {
        "id": "BG",
        "name": "بلغاريا"
    },
    {
        "id": "BZ",
        "name": "بليز"
    },
    {
        "id": "BD",
        "name": "بنغلاديش"
    },
    {
        "id": "PA",
        "name": "بنما"
    },
    {
        "id": "BJ",
        "name": "بنين"
    },
    {
        "id": "BT",
        "name": "بوتان"
    },
    {
        "id": "BW",
        "name": "بوتسوانا"
    },
    {
        "id": "PR",
        "name": "بورتوريكو"
    },
    {
        "id": "BF",
        "name": "بوركينا فاسو"
    },
    {
        "id": "BI",
        "name": "بوروندي"
    },
    {
        "id": "PL",
        "name": "بولندا"
    },
    {
        "id": "BO",
        "name": "بوليفيا"
    },
    {
        "id": "PF",
        "name": "بولينيزيا الفرنسية"
    },
    {
        "id": "PE",
        "name": "بيرو"
    },
    {
        "id": "BY",
        "name": "بيلاروس"
    },
    {
        "id": "TH",
        "name": "تايلاند"
    },
    {
        "id": "TW",
        "name": "تايوان"
    },
    {
        "id": "TM",
        "name": "تركمانستان"
    },
    {
        "id": "TR",
        "name": "تركيا"
    },
    {
        "id": "TT",
        "name": "ترينيداد وتوباغو"
    },
    {
        "id": "TD",
        "name": "تشاد"
    },
    {
        "id": "CL",
        "name": "تشيلي"
    },
    {
        "id": "TZ",
        "name": "تنزانيا"
    },
    {
        "id": "TG",
        "name": "توغو"
    },
    {
        "id": "TV",
        "name": "توفالو"
    },
    {
        "id": "TK",
        "name": "توكيلو"
    },
    {
        "id": "TN",
        "name": "تونس"
    },
    {
        "id": "TO",
        "name": "تونغا"
    },
    {
        "id": "TL",
        "name": "تيمور - ليشتي"
    },
    {
        "id": "JM",
        "name": "جامايكا"
    },
    {
        "id": "GI",
        "name": "جبل طارق"
    },
    {
        "id": "AX",
        "name": "جزر آلاند"
    },
    {
        "id": "BS",
        "name": "جزر البهاما"
    },
    {
        "id": "KM",
        "name": "جزر القمر"
    },
    {
        "id": "MQ",
        "name": "جزر المارتينيك"
    },
    {
        "id": "MV",
        "name": "جزر المالديف"
    },
    {
        "id": "UM",
        "name": "جزر الولايات المتحدة النائية"
    },
    {
        "id": "PN",
        "name": "جزر بيتكيرن"
    },
    {
        "id": "TC",
        "name": "جزر توركس وكايكوس"
    },
    {
        "id": "SB",
        "name": "جزر سليمان"
    },
    {
        "id": "FO",
        "name": "جزر فارو"
    },
    {
        "id": "FK",
        "name": "جزر فوكلاند"
    },
    {
        "id": "VG",
        "name": "جزر فيرجن البريطانية"
    },
    {
        "id": "VI",
        "name": "جزر فيرجن التابعة للولايات المتحدة"
    },
    {
        "id": "KY",
        "name": "جزر كايمان"
    },
    {
        "id": "CK",
        "name": "جزر كوك"
    },
    {
        "id": "CC",
        "name": "جزر كوكوس (كيلينغ)"
    },
    {
        "id": "MH",
        "name": "جزر مارشال"
    },
    {
        "id": "MP",
        "name": "جزر ماريانا الشمالية"
    },
    {
        "id": "WF",
        "name": "جزر والس وفوتونا"
    },
    {
        "id": "BV",
        "name": "جزيرة بوفيه"
    },
    {
        "id": "CX",
        "name": "جزيرة كريسماس"
    },
    {
        "id": "IM",
        "name": "جزيرة مان"
    },
    {
        "id": "NF",
        "name": "جزيرة نورفولك"
    },
    {
        "id": "HM",
        "name": "جزيرة هيرد وجزر ماكدونالد"
    },
    {
        "id": "CF",
        "name": "جمهورية أفريقيا الوسطى"
    },
    {
        "id": "DO",
        "name": "جمهورية الدومينيكان"
    },
    {
        "id": "ZA",
        "name": "جنوب أفريقيا"
    },
    {
        "id": "GE",
        "name": "جورجيا"
    },
    {
        "id": "GS",
        "name": "جورجيا الجنوبية وجزر ساندويتش الجنوبية"
    },
    {
        "id": "DJ",
        "name": "جيبوتي"
    },
    {
        "id": "JE",
        "name": "جيرسي"
    },
    {
        "id": "DM",
        "name": "دومينيكا"
    },
    {
        "id": "RW",
        "name": "رواندا"
    },
    {
        "id": "RU",
        "name": "روسيا"
    },
    {
        "id": "RO",
        "name": "رومانيا"
    },
    {
        "id": "RE",
        "name": "روينيون"
    },
    {
        "id": "ZM",
        "name": "زامبيا"
    },
    {
        "id": "ZW",
        "name": "زيمبابوي"
    },
    {
        "id": "CI",
        "name": "ساحل العاج"
    },
    {
        "id": "WS",
        "name": "ساموا"
    },
    {
        "id": "AS",
        "name": "ساموا الأمريكية"
    },
    {
        "id": "PM",
        "name": "سان بيير ومكويلون"
    },
    {
        "id": "VC",
        "name": "سانت فنسنت وجزر غرينادين"
    },
    {
        "id": "KN",
        "name": "سانت كيتس ونيفيس"
    },
    {
        "id": "LC",
        "name": "سانت لوسيا"
    },
    {
        "id": "SH",
        "name": "سانت هيلينا"
    },
    {
        "id": "SM",
        "name": "سان مارينو"
    },
    {
        "id": "ST",
        "name": "ساو تومي وبرينسيبي"
    },
    {
        "id": "LK",
        "name": "سريلانكا"
    },
    {
        "id": "SJ",
        "name": "سفالبارد وجان ماين"
    },
    {
        "id": "SK",
        "name": "سلوفاكيا"
    },
    {
        "id": "SI",
        "name": "سلوفينيا"
    },
    {
        "id": "SG",
        "name": "سنغافورة"
    },
    {
        "id": "SY",
        "name": "سوريا"
    },
    {
        "id": "SR",
        "name": "سورينام"
    },
    {
        "id": "CH",
        "name": "سويسرا"
    },
    {
        "id": "SL",
        "name": "سيراليون"
    },
    {
        "id": "SC",
        "name": "سيشل"
    },
    {
        "id": "RS",
        "name": "صربيا"
    },
    {
        "id": "TJ",
        "name": "طاجيكستان"
    },
    {
        "id": "OM",
        "name": "عُمان"
    },
    {
        "id": "GM",
        "name": "غامبيا"
    },
    {
        "id": "GH",
        "name": "غانا"
    },
    {
        "id": "GD",
        "name": "غرينادا"
    },
    {
        "id": "GL",
        "name": "غرينلاند"
    },
    {
        "id": "GT",
        "name": "غواتيمالا"
    },
    {
        "id": "GP",
        "name": "غوادلوب"
    },
    {
        "id": "GU",
        "name": "غوام"
    },
    {
        "id": "GF",
        "name": "غويانا الفرنسية"
    },
    {
        "id": "GY",
        "name": "غيانا"
    },
    {
        "id": "GG",
        "name": "غيرنزي"
    },
    {
        "id": "GN",
        "name": "غينيا"
    },
    {
        "id": "GQ",
        "name": "غينيا الاستوائية"
    },
    {
        "id": "GW",
        "name": "غينيا بيساو"
    },
    {
        "id": "VU",
        "name": "فانواتو"
    },
    {
        "id": "FR",
        "name": "فرنسا"
    },
    {
        "id": "VE",
        "name": "فنزويلا"
    },
    {
        "id": "FI",
        "name": "فنلندا"
    },
    {
        "id": "VN",
        "name": "فيتنام"
    },
    {
        "id": "FJ",
        "name": "فيجي"
    },
    {
        "id": "CY",
        "name": "قبرص"
    },
    {
        "id": "QA",
        "name": "قطر"
    },
    {
        "id": "KG",
        "name": "قيرغيزستان"
    },
    {
        "id": "KZ",
        "name": "كازاخستان"
    },
    {
        "id": "NC",
        "name": "كاليدونيا الجديدة"
    },
    {
        "id": "HR",
        "name": "كرواتيا"
    },
    {
        "id": "KH",
        "name": "كمبوديا"
    },
    {
        "id": "CA",
        "name": "كندا"
    },
    {
        "id": "CU",
        "name": "كوبا"
    },
    {
        "id": "KR",
        "name": "كوريا الجنوبية"
    },
    {
        "id": "KP",
        "name": "كوريا الشمالية"
    },
    {
        "id": "CR",
        "name": "كوستاريكا"
    },
    {
        "id": "XK",
        "name": "كوسوفو"
    },
    {
        "id": "CO",
        "name": "كولومبيا"
    },
    {
        "id": "KI",
        "name": "كيريباتي"
    },
    {
        "id": "KE",
        "name": "كينيا"
    },
    {
        "id": "LV",
        "name": "لاتفيا"
    },
    {
        "id": "LA",
        "name": "لاوس"
    },
    {
        "id": "LB",
        "name": "لبنان"
    },
    {
        "id": "LU",
        "name": "لوكسمبورغ"
    },
    {
        "id": "LY",
        "name": "ليبيا"
    },
    {
        "id": "LR",
        "name": "ليبيريا"
    },
    {
        "id": "LT",
        "name": "ليتوانيا"
    },
    {
        "id": "LI",
        "name": "ليختنشتاين"
    },
    {
        "id": "LS",
        "name": "ليسوتو"
    },
    {
        "id": "MT",
        "name": "مالطا"
    },
    {
        "id": "ML",
        "name": "مالي"
    },
    {
        "id": "MY",
        "name": "ماليزيا"
    },
    {
        "id": "YT",
        "name": "مايوت"
    },
    {
        "id": "MG",
        "name": "مدغشقر"
    },
    {
        "id": "EG",
        "name": "مصر"
    },
    {
        "id": "MK",
        "name": "مقدونيا الشمالية"
    },
    {
        "id": "MW",
        "name": "ملاوي"
    },
    {
        "id": "MO",
        "name": "منطقة ماكاو الإدارية الخاصة"
    },
    {
        "id": "MN",
        "name": "منغوليا"
    },
    {
        "id": "MR",
        "name": "موريتانيا"
    },
    {
        "id": "MU",
        "name": "موريشيوس"
    },
    {
        "id": "MZ",
        "name": "موزمبيق"
    },
    {
        "id": "MD",
        "name": "مولدوفا"
    },
    {
        "id": "MC",
        "name": "موناكو"
    },
    {
        "id": "MS",
        "name": "مونتسرات"
    },
    {
        "id": "MM",
        "name": "ميانمار (بورما)"
    },
    {
        "id": "FM",
        "name": "ميكرونيزيا"
    },
    {
        "id": "NA",
        "name": "ناميبيا"
    },
    {
        "id": "NR",
        "name": "ناورو"
    },
    {
        "id": "NP",
        "name": "نيبال"
    },
    {
        "id": "NG",
        "name": "نيجيريا"
    },
    {
        "id": "NI",
        "name": "نيكاراغوا"
    },
    {
        "id": "NZ",
        "name": "نيوزيلندا"
    },
    {
        "id": "NU",
        "name": "نيوي"
    },
    {
        "id": "HT",
        "name": "هايتي"
    },
    {
        "id": "HN",
        "name": "هندوراس"
    },
    {
        "id": "HU",
        "name": "هنغاريا"
    },
    {
        "id": "NL",
        "name": "هولندا"
    },
    {
        "id": "HK",
        "name": "هونغ كونغ الصينية (منطقة إدارية خاصة)"
    }
]
