[
    {
        "id": "AN",
        "name": "Netherlands Antilles"
    },
    {
        "id": "AU",
        "name": "Австралия"
    },
    {
        "id": "AT",
        "name": "Австрия"
    },
    {
        "id": "AZ",
        "name": "Азербайджан"
    },
    {
        "id": "AL",
        "name": "Албания"
    },
    {
        "id": "DZ",
        "name": "Алжир"
    },
    {
        "id": "AS",
        "name": "Американска Самоа"
    },
    {
        "id": "VI",
        "name": "Американски Вирджински острови"
    },
    {
        "id": "AO",
        "name": "Ангола"
    },
    {
        "id": "AI",
        "name": "Ангуила"
    },
    {
        "id": "AD",
        "name": "Андора"
    },
    {
        "id": "AQ",
        "name": "Антарктика"
    },
    {
        "id": "AG",
        "name": "Антигуа и Барбуда"
    },
    {
        "id": "AR",
        "name": "Аржентина"
    },
    {
        "id": "AM",
        "name": "Армения"
    },
    {
        "id": "AW",
        "name": "Аруба"
    },
    {
        "id": "AF",
        "name": "Афганистан"
    },
    {
        "id": "BD",
        "name": "Бангладеш"
    },
    {
        "id": "BB",
        "name": "Барбадос"
    },
    {
        "id": "BS",
        "name": "Бахамски острови"
    },
    {
        "id": "BH",
        "name": "Бахрейн"
    },
    {
        "id": "BY",
        "name": "Беларус"
    },
    {
        "id": "BE",
        "name": "Белгия"
    },
    {
        "id": "BZ",
        "name": "Белиз"
    },
    {
        "id": "BJ",
        "name": "Бенин"
    },
    {
        "id": "BM",
        "name": "Бермудски острови"
    },
    {
        "id": "BO",
        "name": "Боливия"
    },
    {
        "id": "BA",
        "name": "Босна и Херцеговина"
    },
    {
        "id": "BW",
        "name": "Ботсвана"
    },
    {
        "id": "BR",
        "name": "Бразилия"
    },
    {
        "id": "IO",
        "name": "Британска територия в Индийския океан"
    },
    {
        "id": "VG",
        "name": "Британски Вирджински острови"
    },
    {
        "id": "BN",
        "name": "Бруней Даруссалам"
    },
    {
        "id": "BF",
        "name": "Буркина Фасо"
    },
    {
        "id": "BI",
        "name": "Бурунди"
    },
    {
        "id": "BT",
        "name": "Бутан"
    },
    {
        "id": "BG",
        "name": "България"
    },
    {
        "id": "VU",
        "name": "Вануату"
    },
    {
        "id": "VA",
        "name": "Ватикан"
    },
    {
        "id": "VE",
        "name": "Венецуела"
    },
    {
        "id": "VN",
        "name": "Виетнам"
    },
    {
        "id": "GA",
        "name": "Габон"
    },
    {
        "id": "GM",
        "name": "Гамбия"
    },
    {
        "id": "GH",
        "name": "Гана"
    },
    {
        "id": "GY",
        "name": "Гаяна"
    },
    {
        "id": "GP",
        "name": "Гваделупа"
    },
    {
        "id": "GT",
        "name": "Гватемала"
    },
    {
        "id": "GN",
        "name": "Гвинея"
    },
    {
        "id": "GW",
        "name": "Гвинея-Бисау"
    },
    {
        "id": "DE",
        "name": "Германия"
    },
    {
        "id": "GI",
        "name": "Гибралтар"
    },
    {
        "id": "GD",
        "name": "Гренада"
    },
    {
        "id": "GL",
        "name": "Гренландия"
    },
    {
        "id": "GE",
        "name": "Грузия"
    },
    {
        "id": "GU",
        "name": "Гуам"
    },
    {
        "id": "GG",
        "name": "Гърнзи"
    },
    {
        "id": "GR",
        "name": "Гърция"
    },
    {
        "id": "DK",
        "name": "Дания"
    },
    {
        "id": "DJ",
        "name": "Джибути"
    },
    {
        "id": "JE",
        "name": "Джърси"
    },
    {
        "id": "DM",
        "name": "Доминика"
    },
    {
        "id": "DO",
        "name": "Доминиканска република"
    },
    {
        "id": "EG",
        "name": "Египет"
    },
    {
        "id": "EC",
        "name": "Еквадор"
    },
    {
        "id": "GQ",
        "name": "Екваториална Гвинея"
    },
    {
        "id": "ER",
        "name": "Еритрея"
    },
    {
        "id": "SZ",
        "name": "Есватини"
    },
    {
        "id": "EE",
        "name": "Естония"
    },
    {
        "id": "ET",
        "name": "Етиопия"
    },
    {
        "id": "ZM",
        "name": "Замбия"
    },
    {
        "id": "EH",
        "name": "Западна Сахара"
    },
    {
        "id": "ZW",
        "name": "Зимбабве"
    },
    {
        "id": "IL",
        "name": "Израел"
    },
    {
        "id": "IN",
        "name": "Индия"
    },
    {
        "id": "ID",
        "name": "Индонезия"
    },
    {
        "id": "IQ",
        "name": "Ирак"
    },
    {
        "id": "IR",
        "name": "Иран"
    },
    {
        "id": "IE",
        "name": "Ирландия"
    },
    {
        "id": "IS",
        "name": "Исландия"
    },
    {
        "id": "ES",
        "name": "Испания"
    },
    {
        "id": "IT",
        "name": "Италия"
    },
    {
        "id": "YE",
        "name": "Йемен"
    },
    {
        "id": "JO",
        "name": "Йордания"
    },
    {
        "id": "CV",
        "name": "Кабо Верде"
    },
    {
        "id": "KZ",
        "name": "Казахстан"
    },
    {
        "id": "KY",
        "name": "Кайманови острови"
    },
    {
        "id": "KH",
        "name": "Камбоджа"
    },
    {
        "id": "CM",
        "name": "Камерун"
    },
    {
        "id": "CA",
        "name": "Канада"
    },
    {
        "id": "QA",
        "name": "Катар"
    },
    {
        "id": "KE",
        "name": "Кения"
    },
    {
        "id": "CY",
        "name": "Кипър"
    },
    {
        "id": "KG",
        "name": "Киргизстан"
    },
    {
        "id": "KI",
        "name": "Кирибати"
    },
    {
        "id": "CN",
        "name": "Китай"
    },
    {
        "id": "CC",
        "name": "Кокосови острови (острови Кийлинг)"
    },
    {
        "id": "CO",
        "name": "Колумбия"
    },
    {
        "id": "KM",
        "name": "Коморски острови"
    },
    {
        "id": "CG",
        "name": "Конго (Бразавил)"
    },
    {
        "id": "CD",
        "name": "Конго (Киншаса)"
    },
    {
        "id": "XK",
        "name": "Косово"
    },
    {
        "id": "CR",
        "name": "Коста Рика"
    },
    {
        "id": "CI",
        "name": "Кот д’Ивоар"
    },
    {
        "id": "CU",
        "name": "Куба"
    },
    {
        "id": "KW",
        "name": "Кувейт"
    },
    {
        "id": "LA",
        "name": "Лаос"
    },
    {
        "id": "LV",
        "name": "Латвия"
    },
    {
        "id": "LS",
        "name": "Лесото"
    },
    {
        "id": "LR",
        "name": "Либерия"
    },
    {
        "id": "LY",
        "name": "Либия"
    },
    {
        "id": "LB",
        "name": "Ливан"
    },
    {
        "id": "LT",
        "name": "Литва"
    },
    {
        "id": "LI",
        "name": "Лихтенщайн"
    },
    {
        "id": "LU",
        "name": "Люксембург"
    },
    {
        "id": "MR",
        "name": "Мавритания"
    },
    {
        "id": "MU",
        "name": "Мавриций"
    },
    {
        "id": "MG",
        "name": "Мадагаскар"
    },
    {
        "id": "YT",
        "name": "Майот"
    },
    {
        "id": "MO",
        "name": "Макао, САР на Китай"
    },
    {
        "id": "MW",
        "name": "Малави"
    },
    {
        "id": "MY",
        "name": "Малайзия"
    },
    {
        "id": "MV",
        "name": "Малдиви"
    },
    {
        "id": "ML",
        "name": "Мали"
    },
    {
        "id": "MT",
        "name": "Малта"
    },
    {
        "id": "MA",
        "name": "Мароко"
    },
    {
        "id": "MQ",
        "name": "Мартиника"
    },
    {
        "id": "MH",
        "name": "Маршалови острови"
    },
    {
        "id": "MX",
        "name": "Мексико"
    },
    {
        "id": "MM",
        "name": "Мианмар (Бирма)"
    },
    {
        "id": "FM",
        "name": "Микронезия"
    },
    {
        "id": "MZ",
        "name": "Мозамбик"
    },
    {
        "id": "MD",
        "name": "Молдова"
    },
    {
        "id": "MC",
        "name": "Монако"
    },
    {
        "id": "MN",
        "name": "Монголия"
    },
    {
        "id": "MS",
        "name": "Монтсерат"
    },
    {
        "id": "NA",
        "name": "Намибия"
    },
    {
        "id": "NR",
        "name": "Науру"
    },
    {
        "id": "NP",
        "name": "Непал"
    },
    {
        "id": "NE",
        "name": "Нигер"
    },
    {
        "id": "NG",
        "name": "Нигерия"
    },
    {
        "id": "NL",
        "name": "Нидерландия"
    },
    {
        "id": "NI",
        "name": "Никарагуа"
    },
    {
        "id": "NU",
        "name": "Ниуе"
    },
    {
        "id": "NZ",
        "name": "Нова Зеландия"
    },
    {
        "id": "NC",
        "name": "Нова Каледония"
    },
    {
        "id": "NO",
        "name": "Норвегия"
    },
    {
        "id": "AE",
        "name": "Обединени арабски емирства"
    },
    {
        "id": "GB",
        "name": "Обединеното кралство"
    },
    {
        "id": "AX",
        "name": "Оландски острови"
    },
    {
        "id": "OM",
        "name": "Оман"
    },
    {
        "id": "BV",
        "name": "остров Буве"
    },
    {
        "id": "CK",
        "name": "острови Кук"
    },
    {
        "id": "PN",
        "name": "Острови Питкерн"
    },
    {
        "id": "TC",
        "name": "острови Търкс и Кайкос"
    },
    {
        "id": "HM",
        "name": "острови Хърд и Макдоналд"
    },
    {
        "id": "IM",
        "name": "остров Ман"
    },
    {
        "id": "NF",
        "name": "остров Норфолк"
    },
    {
        "id": "CX",
        "name": "остров Рождество"
    },
    {
        "id": "UM",
        "name": "Отдалечени острови на САЩ"
    },
    {
        "id": "PK",
        "name": "Пакистан"
    },
    {
        "id": "PW",
        "name": "Палау"
    },
    {
        "id": "PS",
        "name": "Палестински територии"
    },
    {
        "id": "PA",
        "name": "Панама"
    },
    {
        "id": "PG",
        "name": "Папуа-Нова Гвинея"
    },
    {
        "id": "PY",
        "name": "Парагвай"
    },
    {
        "id": "PE",
        "name": "Перу"
    },
    {
        "id": "PL",
        "name": "Полша"
    },
    {
        "id": "PT",
        "name": "Португалия"
    },
    {
        "id": "PR",
        "name": "Пуерто Рико"
    },
    {
        "id": "RE",
        "name": "Реюнион"
    },
    {
        "id": "RW",
        "name": "Руанда"
    },
    {
        "id": "RO",
        "name": "Румъния"
    },
    {
        "id": "RU",
        "name": "Русия"
    },
    {
        "id": "SV",
        "name": "Салвадор"
    },
    {
        "id": "WS",
        "name": "Самоа"
    },
    {
        "id": "SM",
        "name": "Сан Марино"
    },
    {
        "id": "ST",
        "name": "Сао Томе и Принсипи"
    },
    {
        "id": "SA",
        "name": "Саудитска Арабия"
    },
    {
        "id": "SJ",
        "name": "Свалбард и Ян Майен"
    },
    {
        "id": "SH",
        "name": "Света Елена"
    },
    {
        "id": "KP",
        "name": "Северна Корея"
    },
    {
        "id": "MK",
        "name": "Северна Македония"
    },
    {
        "id": "MP",
        "name": "Северни Мариански острови"
    },
    {
        "id": "VC",
        "name": "Сейнт Винсънт и Гренадини"
    },
    {
        "id": "KN",
        "name": "Сейнт Китс и Невис"
    },
    {
        "id": "LC",
        "name": "Сейнт Лусия"
    },
    {
        "id": "SC",
        "name": "Сейшели"
    },
    {
        "id": "SN",
        "name": "Сенегал"
    },
    {
        "id": "PM",
        "name": "Сен Пиер и Микелон"
    },
    {
        "id": "SL",
        "name": "Сиера Леоне"
    },
    {
        "id": "SG",
        "name": "Сингапур"
    },
    {
        "id": "SY",
        "name": "Сирия"
    },
    {
        "id": "SK",
        "name": "Словакия"
    },
    {
        "id": "SI",
        "name": "Словения"
    },
    {
        "id": "SB",
        "name": "Соломонови острови"
    },
    {
        "id": "SO",
        "name": "Сомалия"
    },
    {
        "id": "SD",
        "name": "Судан"
    },
    {
        "id": "SR",
        "name": "Суринам"
    },
    {
        "id": "US",
        "name": "Съединени щати"
    },
    {
        "id": "RS",
        "name": "Сърбия"
    },
    {
        "id": "TJ",
        "name": "Таджикистан"
    },
    {
        "id": "TW",
        "name": "Тайван"
    },
    {
        "id": "TH",
        "name": "Тайланд"
    },
    {
        "id": "TZ",
        "name": "Танзания"
    },
    {
        "id": "TL",
        "name": "Тимор Лесте"
    },
    {
        "id": "TG",
        "name": "Того"
    },
    {
        "id": "TK",
        "name": "Токелау"
    },
    {
        "id": "TO",
        "name": "Тонга"
    },
    {
        "id": "TT",
        "name": "Тринидад и Тобаго"
    },
    {
        "id": "TV",
        "name": "Тувалу"
    },
    {
        "id": "TN",
        "name": "Тунис"
    },
    {
        "id": "TM",
        "name": "Туркменистан"
    },
    {
        "id": "TR",
        "name": "Турция"
    },
    {
        "id": "UG",
        "name": "Уганда"
    },
    {
        "id": "UZ",
        "name": "Узбекистан"
    },
    {
        "id": "UA",
        "name": "Украйна"
    },
    {
        "id": "HU",
        "name": "Унгария"
    },
    {
        "id": "WF",
        "name": "Уолис и Футуна"
    },
    {
        "id": "UY",
        "name": "Уругвай"
    },
    {
        "id": "FO",
        "name": "Фарьорски острови"
    },
    {
        "id": "FJ",
        "name": "Фиджи"
    },
    {
        "id": "PH",
        "name": "Филипини"
    },
    {
        "id": "FI",
        "name": "Финландия"
    },
    {
        "id": "FK",
        "name": "Фолкландски острови"
    },
    {
        "id": "FR",
        "name": "Франция"
    },
    {
        "id": "GF",
        "name": "Френска Гвиана"
    },
    {
        "id": "PF",
        "name": "Френска Полинезия"
    },
    {
        "id": "TF",
        "name": "Френски южни територии"
    },
    {
        "id": "HT",
        "name": "Хаити"
    },
    {
        "id": "HN",
        "name": "Хондурас"
    },
    {
        "id": "HK",
        "name": "Хонконг, САР на Китай"
    },
    {
        "id": "HR",
        "name": "Хърватия"
    },
    {
        "id": "CF",
        "name": "Централноафриканска република"
    },
    {
        "id": "TD",
        "name": "Чад"
    },
    {
        "id": "ME",
        "name": "Черна гора"
    },
    {
        "id": "CZ",
        "name": "Чехия"
    },
    {
        "id": "CL",
        "name": "Чили"
    },
    {
        "id": "CH",
        "name": "Швейцария"
    },
    {
        "id": "SE",
        "name": "Швеция"
    },
    {
        "id": "LK",
        "name": "Шри Ланка"
    },
    {
        "id": "ZA",
        "name": "Южна Африка"
    },
    {
        "id": "GS",
        "name": "Южна Джорджия и Южни Сандвичеви острови"
    },
    {
        "id": "KR",
        "name": "Южна Корея"
    },
    {
        "id": "JM",
        "name": "Ямайка"
    },
    {
        "id": "JP",
        "name": "Япония"
    }
]
