[
    {
        "id": "SH",
        "name": "Αγία Ελένη"
    },
    {
        "id": "LC",
        "name": "Αγία Λουκία"
    },
    {
        "id": "VC",
        "name": "Άγιος Βικέντιος και Γρεναδίνες"
    },
    {
        "id": "SM",
        "name": "Άγιος Μαρίνος"
    },
    {
        "id": "AO",
        "name": "Αγκόλα"
    },
    {
        "id": "AZ",
        "name": "Αζερμπαϊτζάν"
    },
    {
        "id": "EG",
        "name": "Αίγυπτος"
    },
    {
        "id": "ET",
        "name": "Αιθιοπία"
    },
    {
        "id": "HT",
        "name": "Αϊτή"
    },
    {
        "id": "CI",
        "name": "Ακτή Ελεφαντοστού"
    },
    {
        "id": "AL",
        "name": "Αλβανία"
    },
    {
        "id": "DZ",
        "name": "Αλγερία"
    },
    {
        "id": "VI",
        "name": "Αμερικανικές Παρθένες Νήσοι"
    },
    {
        "id": "AS",
        "name": "Αμερικανική Σαμόα"
    },
    {
        "id": "AI",
        "name": "Ανγκουίλα"
    },
    {
        "id": "AD",
        "name": "Ανδόρα"
    },
    {
        "id": "AQ",
        "name": "Ανταρκτική"
    },
    {
        "id": "AG",
        "name": "Αντίγκουα και Μπαρμπούντα"
    },
    {
        "id": "UM",
        "name": "Απομακρυσμένες Νησίδες ΗΠΑ"
    },
    {
        "id": "AR",
        "name": "Αργεντινή"
    },
    {
        "id": "AM",
        "name": "Αρμενία"
    },
    {
        "id": "AW",
        "name": "Αρούμπα"
    },
    {
        "id": "AU",
        "name": "Αυστραλία"
    },
    {
        "id": "AT",
        "name": "Αυστρία"
    },
    {
        "id": "AF",
        "name": "Αφγανιστάν"
    },
    {
        "id": "VU",
        "name": "Βανουάτου"
    },
    {
        "id": "VA",
        "name": "Βατικανό"
    },
    {
        "id": "BE",
        "name": "Βέλγιο"
    },
    {
        "id": "VE",
        "name": "Βενεζουέλα"
    },
    {
        "id": "BM",
        "name": "Βερμούδες"
    },
    {
        "id": "VN",
        "name": "Βιετνάμ"
    },
    {
        "id": "BO",
        "name": "Βολιβία"
    },
    {
        "id": "KP",
        "name": "Βόρεια Κορέα"
    },
    {
        "id": "MK",
        "name": "Βόρεια Μακεδονία"
    },
    {
        "id": "BA",
        "name": "Βοσνία - Ερζεγοβίνη"
    },
    {
        "id": "BG",
        "name": "Βουλγαρία"
    },
    {
        "id": "BR",
        "name": "Βραζιλία"
    },
    {
        "id": "IO",
        "name": "Βρετανικά Εδάφη Ινδικού Ωκεανού"
    },
    {
        "id": "VG",
        "name": "Βρετανικές Παρθένες Νήσοι"
    },
    {
        "id": "FR",
        "name": "Γαλλία"
    },
    {
        "id": "TF",
        "name": "Γαλλικά Νότια Εδάφη"
    },
    {
        "id": "GF",
        "name": "Γαλλική Γουιάνα"
    },
    {
        "id": "PF",
        "name": "Γαλλική Πολυνησία"
    },
    {
        "id": "DE",
        "name": "Γερμανία"
    },
    {
        "id": "GE",
        "name": "Γεωργία"
    },
    {
        "id": "GI",
        "name": "Γιβραλτάρ"
    },
    {
        "id": "GM",
        "name": "Γκάμπια"
    },
    {
        "id": "GA",
        "name": "Γκαμπόν"
    },
    {
        "id": "GH",
        "name": "Γκάνα"
    },
    {
        "id": "GG",
        "name": "Γκέρνζι"
    },
    {
        "id": "GU",
        "name": "Γκουάμ"
    },
    {
        "id": "GP",
        "name": "Γουαδελούπη"
    },
    {
        "id": "WF",
        "name": "Γουάλις και Φουτούνα"
    },
    {
        "id": "GT",
        "name": "Γουατεμάλα"
    },
    {
        "id": "GY",
        "name": "Γουιάνα"
    },
    {
        "id": "GN",
        "name": "Γουινέα"
    },
    {
        "id": "GW",
        "name": "Γουινέα Μπισάου"
    },
    {
        "id": "GD",
        "name": "Γρενάδα"
    },
    {
        "id": "GL",
        "name": "Γροιλανδία"
    },
    {
        "id": "DK",
        "name": "Δανία"
    },
    {
        "id": "DO",
        "name": "Δομινικανή Δημοκρατία"
    },
    {
        "id": "EH",
        "name": "Δυτική Σαχάρα"
    },
    {
        "id": "SV",
        "name": "Ελ Σαλβαδόρ"
    },
    {
        "id": "CH",
        "name": "Ελβετία"
    },
    {
        "id": "GR",
        "name": "Ελλάδα"
    },
    {
        "id": "ER",
        "name": "Ερυθραία"
    },
    {
        "id": "EE",
        "name": "Εσθονία"
    },
    {
        "id": "SZ",
        "name": "Εσουατίνι"
    },
    {
        "id": "ZM",
        "name": "Ζάμπια"
    },
    {
        "id": "ZW",
        "name": "Ζιμπάμπουε"
    },
    {
        "id": "AE",
        "name": "Ηνωμένα Αραβικά Εμιράτα"
    },
    {
        "id": "US",
        "name": "Ηνωμένες Πολιτείες"
    },
    {
        "id": "GB",
        "name": "Ηνωμένο Βασίλειο"
    },
    {
        "id": "JP",
        "name": "Ιαπωνία"
    },
    {
        "id": "IN",
        "name": "Ινδία"
    },
    {
        "id": "ID",
        "name": "Ινδονησία"
    },
    {
        "id": "JO",
        "name": "Ιορδανία"
    },
    {
        "id": "IQ",
        "name": "Ιράκ"
    },
    {
        "id": "IR",
        "name": "Ιράν"
    },
    {
        "id": "IE",
        "name": "Ιρλανδία"
    },
    {
        "id": "GQ",
        "name": "Ισημερινή Γουινέα"
    },
    {
        "id": "EC",
        "name": "Ισημερινός"
    },
    {
        "id": "IS",
        "name": "Ισλανδία"
    },
    {
        "id": "ES",
        "name": "Ισπανία"
    },
    {
        "id": "IL",
        "name": "Ισραήλ"
    },
    {
        "id": "IT",
        "name": "Ιταλία"
    },
    {
        "id": "KZ",
        "name": "Καζακστάν"
    },
    {
        "id": "CM",
        "name": "Καμερούν"
    },
    {
        "id": "KH",
        "name": "Καμπότζη"
    },
    {
        "id": "CA",
        "name": "Καναδάς"
    },
    {
        "id": "QA",
        "name": "Κατάρ"
    },
    {
        "id": "CF",
        "name": "Κεντροαφρικανική Δημοκρατία"
    },
    {
        "id": "KE",
        "name": "Κένυα"
    },
    {
        "id": "CN",
        "name": "Κίνα"
    },
    {
        "id": "KG",
        "name": "Κιργιστάν"
    },
    {
        "id": "KI",
        "name": "Κιριμπάτι"
    },
    {
        "id": "CO",
        "name": "Κολομβία"
    },
    {
        "id": "KM",
        "name": "Κομόρες"
    },
    {
        "id": "CD",
        "name": "Κονγκό - Κινσάσα"
    },
    {
        "id": "CG",
        "name": "Κονγκό - Μπραζαβίλ"
    },
    {
        "id": "XK",
        "name": "Κοσσυφοπέδιο"
    },
    {
        "id": "CR",
        "name": "Κόστα Ρίκα"
    },
    {
        "id": "CU",
        "name": "Κούβα"
    },
    {
        "id": "KW",
        "name": "Κουβέιτ"
    },
    {
        "id": "AN",
        "name": "Κουρασάο"
    },
    {
        "id": "HR",
        "name": "Κροατία"
    },
    {
        "id": "CY",
        "name": "Κύπρος"
    },
    {
        "id": "LA",
        "name": "Λάος"
    },
    {
        "id": "LS",
        "name": "Λεσότο"
    },
    {
        "id": "LV",
        "name": "Λετονία"
    },
    {
        "id": "BY",
        "name": "Λευκορωσία"
    },
    {
        "id": "LB",
        "name": "Λίβανος"
    },
    {
        "id": "LR",
        "name": "Λιβερία"
    },
    {
        "id": "LY",
        "name": "Λιβύη"
    },
    {
        "id": "LT",
        "name": "Λιθουανία"
    },
    {
        "id": "LI",
        "name": "Λιχτενστάιν"
    },
    {
        "id": "LU",
        "name": "Λουξεμβούργο"
    },
    {
        "id": "YT",
        "name": "Μαγιότ"
    },
    {
        "id": "MG",
        "name": "Μαδαγασκάρη"
    },
    {
        "id": "MO",
        "name": "Μακάο"
    },
    {
        "id": "MY",
        "name": "Μαλαισία"
    },
    {
        "id": "MW",
        "name": "Μαλάουι"
    },
    {
        "id": "MV",
        "name": "Μαλδίβες"
    },
    {
        "id": "ML",
        "name": "Μάλι"
    },
    {
        "id": "MT",
        "name": "Μάλτα"
    },
    {
        "id": "MA",
        "name": "Μαρόκο"
    },
    {
        "id": "MQ",
        "name": "Μαρτινίκα"
    },
    {
        "id": "MU",
        "name": "Μαυρίκιος"
    },
    {
        "id": "MR",
        "name": "Μαυριτανία"
    },
    {
        "id": "ME",
        "name": "Μαυροβούνιο"
    },
    {
        "id": "MX",
        "name": "Μεξικό"
    },
    {
        "id": "MM",
        "name": "Μιανμάρ (Βιρμανία)"
    },
    {
        "id": "FM",
        "name": "Μικρονησία"
    },
    {
        "id": "MN",
        "name": "Μογγολία"
    },
    {
        "id": "MZ",
        "name": "Μοζαμβίκη"
    },
    {
        "id": "MD",
        "name": "Μολδαβία"
    },
    {
        "id": "MC",
        "name": "Μονακό"
    },
    {
        "id": "MS",
        "name": "Μονσεράτ"
    },
    {
        "id": "BD",
        "name": "Μπανγκλαντές"
    },
    {
        "id": "BB",
        "name": "Μπαρμπέιντος"
    },
    {
        "id": "BS",
        "name": "Μπαχάμες"
    },
    {
        "id": "BH",
        "name": "Μπαχρέιν"
    },
    {
        "id": "BZ",
        "name": "Μπελίζ"
    },
    {
        "id": "BJ",
        "name": "Μπενίν"
    },
    {
        "id": "BW",
        "name": "Μποτσουάνα"
    },
    {
        "id": "BF",
        "name": "Μπουρκίνα Φάσο"
    },
    {
        "id": "BI",
        "name": "Μπουρούντι"
    },
    {
        "id": "BT",
        "name": "Μπουτάν"
    },
    {
        "id": "BN",
        "name": "Μπρουνέι"
    },
    {
        "id": "NA",
        "name": "Ναμίμπια"
    },
    {
        "id": "NR",
        "name": "Ναουρού"
    },
    {
        "id": "NZ",
        "name": "Νέα Ζηλανδία"
    },
    {
        "id": "NC",
        "name": "Νέα Καληδονία"
    },
    {
        "id": "NP",
        "name": "Νεπάλ"
    },
    {
        "id": "MP",
        "name": "Νήσοι Βόρειες Μαριάνες"
    },
    {
        "id": "KY",
        "name": "Νήσοι Κέιμαν"
    },
    {
        "id": "CC",
        "name": "Νήσοι Κόκος (Κίλινγκ)"
    },
    {
        "id": "CK",
        "name": "Νήσοι Κουκ"
    },
    {
        "id": "MH",
        "name": "Νήσοι Μάρσαλ"
    },
    {
        "id": "GS",
        "name": "Νήσοι Νότια Γεωργία και Νότιες Σάντουιτς"
    },
    {
        "id": "AX",
        "name": "Νήσοι Όλαντ"
    },
    {
        "id": "PN",
        "name": "Νήσοι Πίτκερν"
    },
    {
        "id": "SB",
        "name": "Νήσοι Σολομώντος"
    },
    {
        "id": "TC",
        "name": "Νήσοι Τερκς και Κάικος"
    },
    {
        "id": "FO",
        "name": "Νήσοι Φερόες"
    },
    {
        "id": "FK",
        "name": "Νήσοι Φόκλαντ (Νήσοι Μαλβίνας)"
    },
    {
        "id": "HM",
        "name": "Νήσοι Χερντ και Μακντόναλντ"
    },
    {
        "id": "BV",
        "name": "Νήσος Μπουβέ"
    },
    {
        "id": "NF",
        "name": "Νήσος Νόρφολκ"
    },
    {
        "id": "IM",
        "name": "Νήσος του Μαν"
    },
    {
        "id": "CX",
        "name": "Νήσος των Χριστουγέννων"
    },
    {
        "id": "NE",
        "name": "Νίγηρας"
    },
    {
        "id": "NG",
        "name": "Νιγηρία"
    },
    {
        "id": "NI",
        "name": "Νικαράγουα"
    },
    {
        "id": "NU",
        "name": "Νιούε"
    },
    {
        "id": "NO",
        "name": "Νορβηγία"
    },
    {
        "id": "ZA",
        "name": "Νότια Αφρική"
    },
    {
        "id": "KR",
        "name": "Νότια Κορέα"
    },
    {
        "id": "DM",
        "name": "Ντομίνικα"
    },
    {
        "id": "NL",
        "name": "Ολλανδία"
    },
    {
        "id": "OM",
        "name": "Ομάν"
    },
    {
        "id": "HN",
        "name": "Ονδούρα"
    },
    {
        "id": "HU",
        "name": "Ουγγαρία"
    },
    {
        "id": "UG",
        "name": "Ουγκάντα"
    },
    {
        "id": "UZ",
        "name": "Ουζμπεκιστάν"
    },
    {
        "id": "UA",
        "name": "Ουκρανία"
    },
    {
        "id": "UY",
        "name": "Ουρουγουάη"
    },
    {
        "id": "PK",
        "name": "Πακιστάν"
    },
    {
        "id": "PS",
        "name": "Παλαιστίνη"
    },
    {
        "id": "PW",
        "name": "Παλάου"
    },
    {
        "id": "PA",
        "name": "Παναμάς"
    },
    {
        "id": "PG",
        "name": "Παπούα Νέα Γουινέα"
    },
    {
        "id": "PY",
        "name": "Παραγουάη"
    },
    {
        "id": "PE",
        "name": "Περού"
    },
    {
        "id": "PL",
        "name": "Πολωνία"
    },
    {
        "id": "PT",
        "name": "Πορτογαλία"
    },
    {
        "id": "PR",
        "name": "Πουέρτο Ρίκο"
    },
    {
        "id": "CV",
        "name": "Πράσινο Ακρωτήριο"
    },
    {
        "id": "RE",
        "name": "Ρεϊνιόν"
    },
    {
        "id": "RW",
        "name": "Ρουάντα"
    },
    {
        "id": "RO",
        "name": "Ρουμανία"
    },
    {
        "id": "RU",
        "name": "Ρωσία"
    },
    {
        "id": "WS",
        "name": "Σαμόα"
    },
    {
        "id": "ST",
        "name": "Σάο Τομέ και Πρίνσιπε"
    },
    {
        "id": "SA",
        "name": "Σαουδική Αραβία"
    },
    {
        "id": "SJ",
        "name": "Σβάλμπαρντ και Γιαν Μαγιέν"
    },
    {
        "id": "KN",
        "name": "Σεν Κιτς και Νέβις"
    },
    {
        "id": "PM",
        "name": "Σεν Πιερ και Μικελόν"
    },
    {
        "id": "SN",
        "name": "Σενεγάλη"
    },
    {
        "id": "RS",
        "name": "Σερβία"
    },
    {
        "id": "SC",
        "name": "Σεϋχέλλες"
    },
    {
        "id": "SG",
        "name": "Σιγκαπούρη"
    },
    {
        "id": "SL",
        "name": "Σιέρα Λεόνε"
    },
    {
        "id": "SK",
        "name": "Σλοβακία"
    },
    {
        "id": "SI",
        "name": "Σλοβενία"
    },
    {
        "id": "SO",
        "name": "Σομαλία"
    },
    {
        "id": "SD",
        "name": "Σουδάν"
    },
    {
        "id": "SE",
        "name": "Σουηδία"
    },
    {
        "id": "SR",
        "name": "Σουρινάμ"
    },
    {
        "id": "LK",
        "name": "Σρι Λάνκα"
    },
    {
        "id": "SY",
        "name": "Συρία"
    },
    {
        "id": "TW",
        "name": "Ταϊβάν"
    },
    {
        "id": "TH",
        "name": "Ταϊλάνδη"
    },
    {
        "id": "TZ",
        "name": "Τανζανία"
    },
    {
        "id": "TJ",
        "name": "Τατζικιστάν"
    },
    {
        "id": "JM",
        "name": "Τζαμάικα"
    },
    {
        "id": "JE",
        "name": "Τζέρζι"
    },
    {
        "id": "DJ",
        "name": "Τζιμπουτί"
    },
    {
        "id": "TL",
        "name": "Τιμόρ-Λέστε"
    },
    {
        "id": "TG",
        "name": "Τόγκο"
    },
    {
        "id": "TK",
        "name": "Τοκελάου"
    },
    {
        "id": "TO",
        "name": "Τόνγκα"
    },
    {
        "id": "TV",
        "name": "Τουβαλού"
    },
    {
        "id": "TR",
        "name": "Τουρκία"
    },
    {
        "id": "TM",
        "name": "Τουρκμενιστάν"
    },
    {
        "id": "TT",
        "name": "Τρινιντάντ και Τομπάγκο"
    },
    {
        "id": "TD",
        "name": "Τσαντ"
    },
    {
        "id": "CZ",
        "name": "Τσεχία"
    },
    {
        "id": "TN",
        "name": "Τυνησία"
    },
    {
        "id": "YE",
        "name": "Υεμένη"
    },
    {
        "id": "PH",
        "name": "Φιλιππίνες"
    },
    {
        "id": "FI",
        "name": "Φινλανδία"
    },
    {
        "id": "FJ",
        "name": "Φίτζι"
    },
    {
        "id": "CL",
        "name": "Χιλή"
    },
    {
        "id": "HK",
        "name": "Χονγκ Κονγκ"
    }
]
