[
    {
        "id": "AF",
        "name": "Afghanistan"
    },
    {
        "id": "AL",
        "name": "Albania"
    },
    {
        "id": "DZ",
        "name": "Algeria"
    },
    {
        "id": "UM",
        "name": "Altre isole americane del Pacifico"
    },
    {
        "id": "AD",
        "name": "Andorra"
    },
    {
        "id": "AO",
        "name": "Angola"
    },
    {
        "id": "AI",
        "name": "Anguilla"
    },
    {
        "id": "AQ",
        "name": "Antartide"
    },
    {
        "id": "AG",
        "name": "Antigua e Barbuda"
    },
    {
        "id": "SA",
        "name": "Arabia Saudita"
    },
    {
        "id": "AR",
        "name": "Argentina"
    },
    {
        "id": "AM",
        "name": "Armenia"
    },
    {
        "id": "AW",
        "name": "Aruba"
    },
    {
        "id": "AU",
        "name": "Australia"
    },
    {
        "id": "AT",
        "name": "Austria"
    },
    {
        "id": "AZ",
        "name": "Azerbaigian"
    },
    {
        "id": "BS",
        "name": "Bahamas"
    },
    {
        "id": "BH",
        "name": "Bahrein"
    },
    {
        "id": "BD",
        "name": "Bangladesh"
    },
    {
        "id": "BB",
        "name": "Barbados"
    },
    {
        "id": "BE",
        "name": "Belgio"
    },
    {
        "id": "BZ",
        "name": "Belize"
    },
    {
        "id": "BJ",
        "name": "Benin"
    },
    {
        "id": "BM",
        "name": "Bermuda"
    },
    {
        "id": "BT",
        "name": "Bhutan"
    },
    {
        "id": "BY",
        "name": "Bielorussia"
    },
    {
        "id": "BO",
        "name": "Bolivia"
    },
    {
        "id": "BA",
        "name": "Bosnia ed Erzegovina"
    },
    {
        "id": "BW",
        "name": "Botswana"
    },
    {
        "id": "BR",
        "name": "Brasile"
    },
    {
        "id": "BN",
        "name": "Brunei"
    },
    {
        "id": "BG",
        "name": "Bulgaria"
    },
    {
        "id": "BF",
        "name": "Burkina Faso"
    },
    {
        "id": "BI",
        "name": "Burundi"
    },
    {
        "id": "KH",
        "name": "Cambogia"
    },
    {
        "id": "CM",
        "name": "Camerun"
    },
    {
        "id": "CA",
        "name": "Canada"
    },
    {
        "id": "CV",
        "name": "Capo Verde"
    },
    {
        "id": "CZ",
        "name": "Cechia"
    },
    {
        "id": "TD",
        "name": "Ciad"
    },
    {
        "id": "CL",
        "name": "Cile"
    },
    {
        "id": "CN",
        "name": "Cina"
    },
    {
        "id": "CY",
        "name": "Cipro"
    },
    {
        "id": "VA",
        "name": "Città del Vaticano"
    },
    {
        "id": "CO",
        "name": "Colombia"
    },
    {
        "id": "KM",
        "name": "Comore"
    },
    {
        "id": "CD",
        "name": "Congo - Kinshasa"
    },
    {
        "id": "CG",
        "name": "Congo-Brazzaville"
    },
    {
        "id": "KP",
        "name": "Corea del Nord"
    },
    {
        "id": "KR",
        "name": "Corea del Sud"
    },
    {
        "id": "CI",
        "name": "Costa d’Avorio"
    },
    {
        "id": "CR",
        "name": "Costa Rica"
    },
    {
        "id": "HR",
        "name": "Croazia"
    },
    {
        "id": "CU",
        "name": "Cuba"
    },
    {
        "id": "AN",
        "name": "Curaçao"
    },
    {
        "id": "DK",
        "name": "Danimarca"
    },
    {
        "id": "DM",
        "name": "Dominica"
    },
    {
        "id": "EC",
        "name": "Ecuador"
    },
    {
        "id": "EG",
        "name": "Egitto"
    },
    {
        "id": "SV",
        "name": "El Salvador"
    },
    {
        "id": "AE",
        "name": "Emirati Arabi Uniti"
    },
    {
        "id": "ER",
        "name": "Eritrea"
    },
    {
        "id": "EE",
        "name": "Estonia"
    },
    {
        "id": "ET",
        "name": "Etiopia"
    },
    {
        "id": "FJ",
        "name": "Figi"
    },
    {
        "id": "PH",
        "name": "Filippine"
    },
    {
        "id": "FI",
        "name": "Finlandia"
    },
    {
        "id": "FR",
        "name": "Francia"
    },
    {
        "id": "GA",
        "name": "Gabon"
    },
    {
        "id": "GM",
        "name": "Gambia"
    },
    {
        "id": "GE",
        "name": "Georgia"
    },
    {
        "id": "GS",
        "name": "Georgia del Sud e Sandwich australi"
    },
    {
        "id": "DE",
        "name": "Germania"
    },
    {
        "id": "GH",
        "name": "Ghana"
    },
    {
        "id": "JM",
        "name": "Giamaica"
    },
    {
        "id": "JP",
        "name": "Giappone"
    },
    {
        "id": "GI",
        "name": "Gibilterra"
    },
    {
        "id": "DJ",
        "name": "Gibuti"
    },
    {
        "id": "JO",
        "name": "Giordania"
    },
    {
        "id": "GR",
        "name": "Grecia"
    },
    {
        "id": "GD",
        "name": "Grenada"
    },
    {
        "id": "GL",
        "name": "Groenlandia"
    },
    {
        "id": "GP",
        "name": "Guadalupa"
    },
    {
        "id": "GU",
        "name": "Guam"
    },
    {
        "id": "GT",
        "name": "Guatemala"
    },
    {
        "id": "GG",
        "name": "Guernsey"
    },
    {
        "id": "GN",
        "name": "Guinea"
    },
    {
        "id": "GQ",
        "name": "Guinea Equatoriale"
    },
    {
        "id": "GW",
        "name": "Guinea-Bissau"
    },
    {
        "id": "GY",
        "name": "Guyana"
    },
    {
        "id": "GF",
        "name": "Guyana francese"
    },
    {
        "id": "HT",
        "name": "Haiti"
    },
    {
        "id": "HN",
        "name": "Honduras"
    },
    {
        "id": "HK",
        "name": "Hong Kong"
    },
    {
        "id": "IN",
        "name": "India"
    },
    {
        "id": "ID",
        "name": "Indonesia"
    },
    {
        "id": "IR",
        "name": "Iran"
    },
    {
        "id": "IQ",
        "name": "Iraq"
    },
    {
        "id": "IE",
        "name": "Irlanda"
    },
    {
        "id": "IS",
        "name": "Islanda"
    },
    {
        "id": "BV",
        "name": "Isola Bouvet"
    },
    {
        "id": "CX",
        "name": "Isola Christmas"
    },
    {
        "id": "IM",
        "name": "Isola di Man"
    },
    {
        "id": "NF",
        "name": "Isola Norfolk"
    },
    {
        "id": "AX",
        "name": "Isole Åland"
    },
    {
        "id": "KY",
        "name": "Isole Cayman"
    },
    {
        "id": "CC",
        "name": "Isole Cocos (Keeling)"
    },
    {
        "id": "CK",
        "name": "Isole Cook"
    },
    {
        "id": "FO",
        "name": "Isole Fær Øer"
    },
    {
        "id": "FK",
        "name": "Isole Falkland (Isole Malvine)"
    },
    {
        "id": "HM",
        "name": "Isole Heard e McDonald"
    },
    {
        "id": "MP",
        "name": "Isole Marianne settentrionali"
    },
    {
        "id": "MH",
        "name": "Isole Marshall"
    },
    {
        "id": "PN",
        "name": "Isole Pitcairn"
    },
    {
        "id": "SB",
        "name": "Isole Salomone"
    },
    {
        "id": "TC",
        "name": "Isole Turks e Caicos"
    },
    {
        "id": "VI",
        "name": "Isole Vergini Americane"
    },
    {
        "id": "VG",
        "name": "Isole Vergini Britanniche"
    },
    {
        "id": "IL",
        "name": "Israele"
    },
    {
        "id": "IT",
        "name": "Italia"
    },
    {
        "id": "JE",
        "name": "Jersey"
    },
    {
        "id": "KZ",
        "name": "Kazakistan"
    },
    {
        "id": "KE",
        "name": "Kenya"
    },
    {
        "id": "KG",
        "name": "Kirghizistan"
    },
    {
        "id": "KI",
        "name": "Kiribati"
    },
    {
        "id": "XK",
        "name": "Kosovo"
    },
    {
        "id": "KW",
        "name": "Kuwait"
    },
    {
        "id": "LA",
        "name": "Laos"
    },
    {
        "id": "LS",
        "name": "Lesotho"
    },
    {
        "id": "LV",
        "name": "Lettonia"
    },
    {
        "id": "LB",
        "name": "Libano"
    },
    {
        "id": "LR",
        "name": "Liberia"
    },
    {
        "id": "LY",
        "name": "Libia"
    },
    {
        "id": "LI",
        "name": "Liechtenstein"
    },
    {
        "id": "LT",
        "name": "Lituania"
    },
    {
        "id": "LU",
        "name": "Lussemburgo"
    },
    {
        "id": "MO",
        "name": "Macao"
    },
    {
        "id": "MK",
        "name": "Macedonia del Nord"
    },
    {
        "id": "MG",
        "name": "Madagascar"
    },
    {
        "id": "MW",
        "name": "Malawi"
    },
    {
        "id": "MY",
        "name": "Malaysia"
    },
    {
        "id": "MV",
        "name": "Maldive"
    },
    {
        "id": "ML",
        "name": "Mali"
    },
    {
        "id": "MT",
        "name": "Malta"
    },
    {
        "id": "MA",
        "name": "Marocco"
    },
    {
        "id": "MQ",
        "name": "Martinica"
    },
    {
        "id": "MR",
        "name": "Mauritania"
    },
    {
        "id": "MU",
        "name": "Mauritius"
    },
    {
        "id": "YT",
        "name": "Mayotte"
    },
    {
        "id": "MX",
        "name": "Messico"
    },
    {
        "id": "FM",
        "name": "Micronesia"
    },
    {
        "id": "MD",
        "name": "Moldavia"
    },
    {
        "id": "MC",
        "name": "Monaco"
    },
    {
        "id": "MN",
        "name": "Mongolia"
    },
    {
        "id": "ME",
        "name": "Montenegro"
    },
    {
        "id": "MS",
        "name": "Montserrat"
    },
    {
        "id": "MZ",
        "name": "Mozambico"
    },
    {
        "id": "MM",
        "name": "Myanmar (Birmania)"
    },
    {
        "id": "NA",
        "name": "Namibia"
    },
    {
        "id": "NR",
        "name": "Nauru"
    },
    {
        "id": "NP",
        "name": "Nepal"
    },
    {
        "id": "NI",
        "name": "Nicaragua"
    },
    {
        "id": "NE",
        "name": "Niger"
    },
    {
        "id": "NG",
        "name": "Nigeria"
    },
    {
        "id": "NU",
        "name": "Niue"
    },
    {
        "id": "NO",
        "name": "Norvegia"
    },
    {
        "id": "NC",
        "name": "Nuova Caledonia"
    },
    {
        "id": "NZ",
        "name": "Nuova Zelanda"
    },
    {
        "id": "OM",
        "name": "Oman"
    },
    {
        "id": "NL",
        "name": "Paesi Bassi"
    },
    {
        "id": "PK",
        "name": "Pakistan"
    },
    {
        "id": "PW",
        "name": "Palau"
    },
    {
        "id": "PS",
        "name": "Palestina"
    },
    {
        "id": "PA",
        "name": "Panamá"
    },
    {
        "id": "PG",
        "name": "Papua Nuova Guinea"
    },
    {
        "id": "PY",
        "name": "Paraguay"
    },
    {
        "id": "PE",
        "name": "Perù"
    },
    {
        "id": "PF",
        "name": "Polinesia francese"
    },
    {
        "id": "PL",
        "name": "Polonia"
    },
    {
        "id": "PT",
        "name": "Portogallo"
    },
    {
        "id": "PR",
        "name": "Portorico"
    },
    {
        "id": "QA",
        "name": "Qatar"
    },
    {
        "id": "GB",
        "name": "Regno Unito"
    },
    {
        "id": "CF",
        "name": "Repubblica Centrafricana"
    },
    {
        "id": "DO",
        "name": "Repubblica Dominicana"
    },
    {
        "id": "RE",
        "name": "Riunione"
    },
    {
        "id": "RO",
        "name": "Romania"
    },
    {
        "id": "RW",
        "name": "Ruanda"
    },
    {
        "id": "RU",
        "name": "Russia"
    },
    {
        "id": "EH",
        "name": "Sahara occidentale"
    },
    {
        "id": "KN",
        "name": "Saint Kitts e Nevis"
    },
    {
        "id": "LC",
        "name": "Saint Lucia"
    },
    {
        "id": "VC",
        "name": "Saint Vincent e Grenadine"
    },
    {
        "id": "PM",
        "name": "Saint-Pierre e Miquelon"
    },
    {
        "id": "WS",
        "name": "Samoa"
    },
    {
        "id": "AS",
        "name": "Samoa americane"
    },
    {
        "id": "SM",
        "name": "San Marino"
    },
    {
        "id": "SH",
        "name": "Sant’Elena"
    },
    {
        "id": "ST",
        "name": "São Tomé e Príncipe"
    },
    {
        "id": "SN",
        "name": "Senegal"
    },
    {
        "id": "RS",
        "name": "Serbia"
    },
    {
        "id": "SC",
        "name": "Seychelles"
    },
    {
        "id": "SL",
        "name": "Sierra Leone"
    },
    {
        "id": "SG",
        "name": "Singapore"
    },
    {
        "id": "SY",
        "name": "Siria"
    },
    {
        "id": "SK",
        "name": "Slovacchia"
    },
    {
        "id": "SI",
        "name": "Slovenia"
    },
    {
        "id": "SO",
        "name": "Somalia"
    },
    {
        "id": "ES",
        "name": "Spagna"
    },
    {
        "id": "LK",
        "name": "Sri Lanka"
    },
    {
        "id": "US",
        "name": "Stati Uniti"
    },
    {
        "id": "ZA",
        "name": "Sudafrica"
    },
    {
        "id": "SD",
        "name": "Sudan"
    },
    {
        "id": "SR",
        "name": "Suriname"
    },
    {
        "id": "SJ",
        "name": "Svalbard e Jan Mayen"
    },
    {
        "id": "SE",
        "name": "Svezia"
    },
    {
        "id": "CH",
        "name": "Svizzera"
    },
    {
        "id": "SZ",
        "name": "Swaziland"
    },
    {
        "id": "TJ",
        "name": "Tagikistan"
    },
    {
        "id": "TW",
        "name": "Taiwan"
    },
    {
        "id": "TZ",
        "name": "Tanzania"
    },
    {
        "id": "TF",
        "name": "Terre australi francesi"
    },
    {
        "id": "IO",
        "name": "Territorio britannico dell’Oceano Indiano"
    },
    {
        "id": "TH",
        "name": "Thailandia"
    },
    {
        "id": "TL",
        "name": "Timor Est"
    },
    {
        "id": "TG",
        "name": "Togo"
    },
    {
        "id": "TK",
        "name": "Tokelau"
    },
    {
        "id": "TO",
        "name": "Tonga"
    },
    {
        "id": "TT",
        "name": "Trinidad e Tobago"
    },
    {
        "id": "TN",
        "name": "Tunisia"
    },
    {
        "id": "TR",
        "name": "Turchia"
    },
    {
        "id": "TM",
        "name": "Turkmenistan"
    },
    {
        "id": "TV",
        "name": "Tuvalu"
    },
    {
        "id": "UA",
        "name": "Ucraina"
    },
    {
        "id": "UG",
        "name": "Uganda"
    },
    {
        "id": "HU",
        "name": "Ungheria"
    },
    {
        "id": "UY",
        "name": "Uruguay"
    },
    {
        "id": "UZ",
        "name": "Uzbekistan"
    },
    {
        "id": "VU",
        "name": "Vanuatu"
    },
    {
        "id": "VE",
        "name": "Venezuela"
    },
    {
        "id": "VN",
        "name": "Vietnam"
    },
    {
        "id": "WF",
        "name": "Wallis e Futuna"
    },
    {
        "id": "YE",
        "name": "Yemen"
    },
    {
        "id": "ZM",
        "name": "Zambia"
    },
    {
        "id": "ZW",
        "name": "Zimbabwe"
    }
]
