[
    {
        "id": "IS",
        "name": "アイスランド"
    },
    {
        "id": "IE",
        "name": "アイルランド"
    },
    {
        "id": "AZ",
        "name": "アゼルバイジャン"
    },
    {
        "id": "AF",
        "name": "アフガニスタン"
    },
    {
        "id": "US",
        "name": "アメリカ合衆国"
    },
    {
        "id": "AE",
        "name": "アラブ首長国連邦"
    },
    {
        "id": "DZ",
        "name": "アルジェリア"
    },
    {
        "id": "AR",
        "name": "アルゼンチン"
    },
    {
        "id": "AW",
        "name": "アルバ"
    },
    {
        "id": "AL",
        "name": "アルバニア"
    },
    {
        "id": "AM",
        "name": "アルメニア"
    },
    {
        "id": "AI",
        "name": "アンギラ"
    },
    {
        "id": "AO",
        "name": "アンゴラ"
    },
    {
        "id": "AG",
        "name": "アンティグア・バーブーダ"
    },
    {
        "id": "AD",
        "name": "アンドラ"
    },
    {
        "id": "YE",
        "name": "イエメン"
    },
    {
        "id": "GB",
        "name": "イギリス"
    },
    {
        "id": "IL",
        "name": "イスラエル"
    },
    {
        "id": "IT",
        "name": "イタリア"
    },
    {
        "id": "IQ",
        "name": "イラク"
    },
    {
        "id": "IR",
        "name": "イラン"
    },
    {
        "id": "IN",
        "name": "インド"
    },
    {
        "id": "ID",
        "name": "インドネシア"
    },
    {
        "id": "WF",
        "name": "ウォリス・フツナ"
    },
    {
        "id": "UG",
        "name": "ウガンダ"
    },
    {
        "id": "UA",
        "name": "ウクライナ"
    },
    {
        "id": "UZ",
        "name": "ウズベキスタン"
    },
    {
        "id": "UY",
        "name": "ウルグアイ"
    },
    {
        "id": "EC",
        "name": "エクアドル"
    },
    {
        "id": "EG",
        "name": "エジプト"
    },
    {
        "id": "EE",
        "name": "エストニア"
    },
    {
        "id": "SZ",
        "name": "エスワティニ"
    },
    {
        "id": "ET",
        "name": "エチオピア"
    },
    {
        "id": "ER",
        "name": "エリトリア"
    },
    {
        "id": "SV",
        "name": "エルサルバドル"
    },
    {
        "id": "AU",
        "name": "オーストラリア"
    },
    {
        "id": "AT",
        "name": "オーストリア"
    },
    {
        "id": "AX",
        "name": "オーランド諸島"
    },
    {
        "id": "OM",
        "name": "オマーン"
    },
    {
        "id": "NL",
        "name": "オランダ"
    },
    {
        "id": "GH",
        "name": "ガーナ"
    },
    {
        "id": "CV",
        "name": "カーボベルデ"
    },
    {
        "id": "GG",
        "name": "ガーンジー"
    },
    {
        "id": "GY",
        "name": "ガイアナ"
    },
    {
        "id": "KZ",
        "name": "カザフスタン"
    },
    {
        "id": "QA",
        "name": "カタール"
    },
    {
        "id": "CA",
        "name": "カナダ"
    },
    {
        "id": "GA",
        "name": "ガボン"
    },
    {
        "id": "CM",
        "name": "カメルーン"
    },
    {
        "id": "GM",
        "name": "ガンビア"
    },
    {
        "id": "KH",
        "name": "カンボジア"
    },
    {
        "id": "GN",
        "name": "ギニア"
    },
    {
        "id": "GW",
        "name": "ギニアビサウ"
    },
    {
        "id": "CY",
        "name": "キプロス"
    },
    {
        "id": "CU",
        "name": "キューバ"
    },
    {
        "id": "AN",
        "name": "キュラソー"
    },
    {
        "id": "GR",
        "name": "ギリシャ"
    },
    {
        "id": "KI",
        "name": "キリバス"
    },
    {
        "id": "KG",
        "name": "キルギス"
    },
    {
        "id": "GT",
        "name": "グアテマラ"
    },
    {
        "id": "GP",
        "name": "グアドループ"
    },
    {
        "id": "GU",
        "name": "グアム"
    },
    {
        "id": "KW",
        "name": "クウェート"
    },
    {
        "id": "CK",
        "name": "クック諸島"
    },
    {
        "id": "GL",
        "name": "グリーンランド"
    },
    {
        "id": "CX",
        "name": "クリスマス島"
    },
    {
        "id": "GD",
        "name": "グレナダ"
    },
    {
        "id": "HR",
        "name": "クロアチア"
    },
    {
        "id": "KY",
        "name": "ケイマン諸島"
    },
    {
        "id": "KE",
        "name": "ケニア"
    },
    {
        "id": "CI",
        "name": "コートジボワール"
    },
    {
        "id": "CC",
        "name": "ココス(キーリング)諸島"
    },
    {
        "id": "CR",
        "name": "コスタリカ"
    },
    {
        "id": "XK",
        "name": "コソボ"
    },
    {
        "id": "KM",
        "name": "コモロ"
    },
    {
        "id": "CO",
        "name": "コロンビア"
    },
    {
        "id": "CG",
        "name": "コンゴ共和国(ブラザビル)"
    },
    {
        "id": "CD",
        "name": "コンゴ民主共和国(キンシャサ)"
    },
    {
        "id": "SA",
        "name": "サウジアラビア"
    },
    {
        "id": "GS",
        "name": "サウスジョージア・サウスサンドウィッチ諸島"
    },
    {
        "id": "WS",
        "name": "サモア"
    },
    {
        "id": "ST",
        "name": "サントメ・プリンシペ"
    },
    {
        "id": "ZM",
        "name": "ザンビア"
    },
    {
        "id": "PM",
        "name": "サンピエール島・ミクロン島"
    },
    {
        "id": "SM",
        "name": "サンマリノ"
    },
    {
        "id": "SL",
        "name": "シエラレオネ"
    },
    {
        "id": "DJ",
        "name": "ジブチ"
    },
    {
        "id": "GI",
        "name": "ジブラルタル"
    },
    {
        "id": "JE",
        "name": "ジャージー"
    },
    {
        "id": "JM",
        "name": "ジャマイカ"
    },
    {
        "id": "GE",
        "name": "ジョージア"
    },
    {
        "id": "SY",
        "name": "シリア"
    },
    {
        "id": "SG",
        "name": "シンガポール"
    },
    {
        "id": "ZW",
        "name": "ジンバブエ"
    },
    {
        "id": "SD",
        "name": "スーダン"
    },
    {
        "id": "CH",
        "name": "スイス"
    },
    {
        "id": "SE",
        "name": "スウェーデン"
    },
    {
        "id": "SJ",
        "name": "スバールバル諸島・ヤンマイエン島"
    },
    {
        "id": "ES",
        "name": "スペイン"
    },
    {
        "id": "SR",
        "name": "スリナム"
    },
    {
        "id": "LK",
        "name": "スリランカ"
    },
    {
        "id": "SK",
        "name": "スロバキア"
    },
    {
        "id": "SI",
        "name": "スロベニア"
    },
    {
        "id": "SC",
        "name": "セーシェル"
    },
    {
        "id": "SN",
        "name": "セネガル"
    },
    {
        "id": "RS",
        "name": "セルビア"
    },
    {
        "id": "KN",
        "name": "セントクリストファー・ネーヴィス"
    },
    {
        "id": "VC",
        "name": "セントビンセント及びグレナディーン諸島"
    },
    {
        "id": "SH",
        "name": "セントヘレナ"
    },
    {
        "id": "LC",
        "name": "セントルシア"
    },
    {
        "id": "SO",
        "name": "ソマリア"
    },
    {
        "id": "SB",
        "name": "ソロモン諸島"
    },
    {
        "id": "TC",
        "name": "タークス・カイコス諸島"
    },
    {
        "id": "TH",
        "name": "タイ"
    },
    {
        "id": "TJ",
        "name": "タジキスタン"
    },
    {
        "id": "TZ",
        "name": "タンザニア"
    },
    {
        "id": "CZ",
        "name": "チェコ"
    },
    {
        "id": "TD",
        "name": "チャド"
    },
    {
        "id": "TN",
        "name": "チュニジア"
    },
    {
        "id": "CL",
        "name": "チリ"
    },
    {
        "id": "TV",
        "name": "ツバル"
    },
    {
        "id": "DK",
        "name": "デンマーク"
    },
    {
        "id": "TG",
        "name": "トーゴ"
    },
    {
        "id": "DE",
        "name": "ドイツ"
    },
    {
        "id": "TK",
        "name": "トケラウ"
    },
    {
        "id": "DO",
        "name": "ドミニカ共和国"
    },
    {
        "id": "DM",
        "name": "ドミニカ国"
    },
    {
        "id": "TT",
        "name": "トリニダード・トバゴ"
    },
    {
        "id": "TM",
        "name": "トルクメニスタン"
    },
    {
        "id": "TR",
        "name": "トルコ"
    },
    {
        "id": "TO",
        "name": "トンガ"
    },
    {
        "id": "NG",
        "name": "ナイジェリア"
    },
    {
        "id": "NR",
        "name": "ナウル"
    },
    {
        "id": "NA",
        "name": "ナミビア"
    },
    {
        "id": "NU",
        "name": "ニウエ"
    },
    {
        "id": "NI",
        "name": "ニカラグア"
    },
    {
        "id": "NE",
        "name": "ニジェール"
    },
    {
        "id": "NC",
        "name": "ニューカレドニア"
    },
    {
        "id": "NZ",
        "name": "ニュージーランド"
    },
    {
        "id": "NP",
        "name": "ネパール"
    },
    {
        "id": "NF",
        "name": "ノーフォーク島"
    },
    {
        "id": "NO",
        "name": "ノルウェー"
    },
    {
        "id": "HM",
        "name": "ハード島・マクドナルド諸島"
    },
    {
        "id": "BH",
        "name": "バーレーン"
    },
    {
        "id": "HT",
        "name": "ハイチ"
    },
    {
        "id": "PK",
        "name": "パキスタン"
    },
    {
        "id": "VA",
        "name": "バチカン市国"
    },
    {
        "id": "PA",
        "name": "パナマ"
    },
    {
        "id": "VU",
        "name": "バヌアツ"
    },
    {
        "id": "BS",
        "name": "バハマ"
    },
    {
        "id": "PG",
        "name": "パプアニューギニア"
    },
    {
        "id": "BM",
        "name": "バミューダ"
    },
    {
        "id": "PW",
        "name": "パラオ"
    },
    {
        "id": "PY",
        "name": "パラグアイ"
    },
    {
        "id": "BB",
        "name": "バルバドス"
    },
    {
        "id": "PS",
        "name": "パレスチナ"
    },
    {
        "id": "HU",
        "name": "ハンガリー"
    },
    {
        "id": "BD",
        "name": "バングラデシュ"
    },
    {
        "id": "PN",
        "name": "ピトケアン諸島"
    },
    {
        "id": "BT",
        "name": "ブータン"
    },
    {
        "id": "BV",
        "name": "ブーベ島"
    },
    {
        "id": "FJ",
        "name": "フィジー"
    },
    {
        "id": "PH",
        "name": "フィリピン"
    },
    {
        "id": "FI",
        "name": "フィンランド"
    },
    {
        "id": "PR",
        "name": "プエルトリコ"
    },
    {
        "id": "FO",
        "name": "フェロー諸島"
    },
    {
        "id": "FK",
        "name": "フォークランド諸島 (マルビーナス諸島)"
    },
    {
        "id": "BR",
        "name": "ブラジル"
    },
    {
        "id": "FR",
        "name": "フランス"
    },
    {
        "id": "BG",
        "name": "ブルガリア"
    },
    {
        "id": "BF",
        "name": "ブルキナファソ"
    },
    {
        "id": "BN",
        "name": "ブルネイ"
    },
    {
        "id": "BI",
        "name": "ブルンジ"
    },
    {
        "id": "VN",
        "name": "ベトナム"
    },
    {
        "id": "BJ",
        "name": "ベナン"
    },
    {
        "id": "VE",
        "name": "ベネズエラ"
    },
    {
        "id": "BY",
        "name": "ベラルーシ"
    },
    {
        "id": "BZ",
        "name": "ベリーズ"
    },
    {
        "id": "PE",
        "name": "ペルー"
    },
    {
        "id": "BE",
        "name": "ベルギー"
    },
    {
        "id": "PL",
        "name": "ポーランド"
    },
    {
        "id": "BA",
        "name": "ボスニア・ヘルツェゴビナ"
    },
    {
        "id": "BW",
        "name": "ボツワナ"
    },
    {
        "id": "BO",
        "name": "ボリビア"
    },
    {
        "id": "PT",
        "name": "ポルトガル"
    },
    {
        "id": "HN",
        "name": "ホンジュラス"
    },
    {
        "id": "MH",
        "name": "マーシャル諸島"
    },
    {
        "id": "MO",
        "name": "マカオ"
    },
    {
        "id": "MG",
        "name": "マダガスカル"
    },
    {
        "id": "YT",
        "name": "マヨット"
    },
    {
        "id": "MW",
        "name": "マラウイ"
    },
    {
        "id": "ML",
        "name": "マリ"
    },
    {
        "id": "MT",
        "name": "マルタ"
    },
    {
        "id": "MQ",
        "name": "マルティニーク"
    },
    {
        "id": "MY",
        "name": "マレーシア"
    },
    {
        "id": "IM",
        "name": "マン島"
    },
    {
        "id": "FM",
        "name": "ミクロネシア連邦"
    },
    {
        "id": "MM",
        "name": "ミャンマー (ビルマ)"
    },
    {
        "id": "MX",
        "name": "メキシコ"
    },
    {
        "id": "MU",
        "name": "モーリシャス"
    },
    {
        "id": "MR",
        "name": "モーリタニア"
    },
    {
        "id": "MZ",
        "name": "モザンビーク"
    },
    {
        "id": "MC",
        "name": "モナコ"
    },
    {
        "id": "MV",
        "name": "モルディブ"
    },
    {
        "id": "MD",
        "name": "モルドバ"
    },
    {
        "id": "MA",
        "name": "モロッコ"
    },
    {
        "id": "MN",
        "name": "モンゴル"
    },
    {
        "id": "ME",
        "name": "モンテネグロ"
    },
    {
        "id": "MS",
        "name": "モントセラト"
    },
    {
        "id": "JO",
        "name": "ヨルダン"
    },
    {
        "id": "LA",
        "name": "ラオス"
    },
    {
        "id": "LV",
        "name": "ラトビア"
    },
    {
        "id": "LT",
        "name": "リトアニア"
    },
    {
        "id": "LY",
        "name": "リビア"
    },
    {
        "id": "LI",
        "name": "リヒテンシュタイン"
    },
    {
        "id": "LR",
        "name": "リベリア"
    },
    {
        "id": "RO",
        "name": "ルーマニア"
    },
    {
        "id": "LU",
        "name": "ルクセンブルク"
    },
    {
        "id": "RW",
        "name": "ルワンダ"
    },
    {
        "id": "LS",
        "name": "レソト"
    },
    {
        "id": "LB",
        "name": "レバノン"
    },
    {
        "id": "RE",
        "name": "レユニオン"
    },
    {
        "id": "RU",
        "name": "ロシア"
    },
    {
        "id": "CN",
        "name": "中国"
    },
    {
        "id": "CF",
        "name": "中央アフリカ共和国"
    },
    {
        "id": "GF",
        "name": "仏領ギアナ"
    },
    {
        "id": "PF",
        "name": "仏領ポリネシア"
    },
    {
        "id": "TF",
        "name": "仏領極南諸島"
    },
    {
        "id": "MK",
        "name": "北マケドニア"
    },
    {
        "id": "MP",
        "name": "北マリアナ諸島"
    },
    {
        "id": "KP",
        "name": "北朝鮮"
    },
    {
        "id": "ZA",
        "name": "南アフリカ"
    },
    {
        "id": "AQ",
        "name": "南極"
    },
    {
        "id": "TW",
        "name": "台湾"
    },
    {
        "id": "UM",
        "name": "合衆国領有小離島"
    },
    {
        "id": "JP",
        "name": "日本"
    },
    {
        "id": "TL",
        "name": "東ティモール"
    },
    {
        "id": "VI",
        "name": "米領ヴァージン諸島"
    },
    {
        "id": "AS",
        "name": "米領サモア"
    },
    {
        "id": "IO",
        "name": "英領インド洋地域"
    },
    {
        "id": "VG",
        "name": "英領ヴァージン諸島"
    },
    {
        "id": "EH",
        "name": "西サハラ"
    },
    {
        "id": "GQ",
        "name": "赤道ギニア"
    },
    {
        "id": "KR",
        "name": "韓国"
    },
    {
        "id": "HK",
        "name": "香港"
    }
]
