[
    {
        "id": "AF",
        "name": "Afeganistão"
    },
    {
        "id": "ZA",
        "name": "África do Sul"
    },
    {
        "id": "AL",
        "name": "Albânia"
    },
    {
        "id": "DE",
        "name": "Alemanha"
    },
    {
        "id": "AD",
        "name": "Andorra"
    },
    {
        "id": "AO",
        "name": "Angola"
    },
    {
        "id": "AI",
        "name": "Anguila"
    },
    {
        "id": "AQ",
        "name": "Antártida"
    },
    {
        "id": "AG",
        "name": "Antígua e Barbuda"
    },
    {
        "id": "SA",
        "name": "Arábia Saudita"
    },
    {
        "id": "DZ",
        "name": "Argélia"
    },
    {
        "id": "AR",
        "name": "Argentina"
    },
    {
        "id": "AM",
        "name": "Armênia"
    },
    {
        "id": "AW",
        "name": "Aruba"
    },
    {
        "id": "AU",
        "name": "Austrália"
    },
    {
        "id": "AT",
        "name": "Áustria"
    },
    {
        "id": "AZ",
        "name": "Azerbaijão"
    },
    {
        "id": "BS",
        "name": "Bahamas"
    },
    {
        "id": "BD",
        "name": "Bangladesh"
    },
    {
        "id": "BB",
        "name": "Barbados"
    },
    {
        "id": "BH",
        "name": "Barein"
    },
    {
        "id": "BE",
        "name": "Bélgica"
    },
    {
        "id": "BZ",
        "name": "Belize"
    },
    {
        "id": "BJ",
        "name": "Benin"
    },
    {
        "id": "BM",
        "name": "Bermudas"
    },
    {
        "id": "BY",
        "name": "Bielorrússia"
    },
    {
        "id": "BO",
        "name": "Bolívia"
    },
    {
        "id": "BA",
        "name": "Bósnia e Herzegovina"
    },
    {
        "id": "BW",
        "name": "Botsuana"
    },
    {
        "id": "BR",
        "name": "Brasil"
    },
    {
        "id": "BN",
        "name": "Brunei"
    },
    {
        "id": "BG",
        "name": "Bulgária"
    },
    {
        "id": "BF",
        "name": "Burquina Faso"
    },
    {
        "id": "BI",
        "name": "Burundi"
    },
    {
        "id": "BT",
        "name": "Butão"
    },
    {
        "id": "CV",
        "name": "Cabo Verde"
    },
    {
        "id": "CM",
        "name": "Camarões"
    },
    {
        "id": "KH",
        "name": "Camboja"
    },
    {
        "id": "CA",
        "name": "Canadá"
    },
    {
        "id": "QA",
        "name": "Catar"
    },
    {
        "id": "KZ",
        "name": "Cazaquistão"
    },
    {
        "id": "TD",
        "name": "Chade"
    },
    {
        "id": "CL",
        "name": "Chile"
    },
    {
        "id": "CN",
        "name": "China"
    },
    {
        "id": "CY",
        "name": "Chipre"
    },
    {
        "id": "VA",
        "name": "Cidade do Vaticano"
    },
    {
        "id": "CO",
        "name": "Colômbia"
    },
    {
        "id": "KM",
        "name": "Comores"
    },
    {
        "id": "CD",
        "name": "Congo - Kinshasa"
    },
    {
        "id": "KP",
        "name": "Coreia do Norte"
    },
    {
        "id": "KR",
        "name": "Coreia do Sul"
    },
    {
        "id": "CI",
        "name": "Costa do Marfim"
    },
    {
        "id": "CR",
        "name": "Costa Rica"
    },
    {
        "id": "HR",
        "name": "Croácia"
    },
    {
        "id": "CU",
        "name": "Cuba"
    },
    {
        "id": "AN",
        "name": "Curaçao"
    },
    {
        "id": "DK",
        "name": "Dinamarca"
    },
    {
        "id": "DJ",
        "name": "Djibuti"
    },
    {
        "id": "DM",
        "name": "Dominica"
    },
    {
        "id": "EG",
        "name": "Egito"
    },
    {
        "id": "SV",
        "name": "El Salvador"
    },
    {
        "id": "AE",
        "name": "Emirados Árabes Unidos"
    },
    {
        "id": "EC",
        "name": "Equador"
    },
    {
        "id": "ER",
        "name": "Eritreia"
    },
    {
        "id": "SK",
        "name": "Eslováquia"
    },
    {
        "id": "SI",
        "name": "Eslovênia"
    },
    {
        "id": "ES",
        "name": "Espanha"
    },
    {
        "id": "SZ",
        "name": "Essuatíni"
    },
    {
        "id": "US",
        "name": "Estados Unidos"
    },
    {
        "id": "EE",
        "name": "Estônia"
    },
    {
        "id": "ET",
        "name": "Etiópia"
    },
    {
        "id": "FJ",
        "name": "Fiji"
    },
    {
        "id": "PH",
        "name": "Filipinas"
    },
    {
        "id": "FI",
        "name": "Finlândia"
    },
    {
        "id": "FR",
        "name": "França"
    },
    {
        "id": "GA",
        "name": "Gabão"
    },
    {
        "id": "GM",
        "name": "Gâmbia"
    },
    {
        "id": "GH",
        "name": "Gana"
    },
    {
        "id": "GE",
        "name": "Geórgia"
    },
    {
        "id": "GI",
        "name": "Gibraltar"
    },
    {
        "id": "GD",
        "name": "Granada"
    },
    {
        "id": "GR",
        "name": "Grécia"
    },
    {
        "id": "GL",
        "name": "Groenlândia"
    },
    {
        "id": "GP",
        "name": "Guadalupe"
    },
    {
        "id": "GU",
        "name": "Guam"
    },
    {
        "id": "GT",
        "name": "Guatemala"
    },
    {
        "id": "GG",
        "name": "Guernsey"
    },
    {
        "id": "GY",
        "name": "Guiana"
    },
    {
        "id": "GF",
        "name": "Guiana Francesa"
    },
    {
        "id": "GN",
        "name": "Guiné"
    },
    {
        "id": "GQ",
        "name": "Guiné Equatorial"
    },
    {
        "id": "GW",
        "name": "Guiné-Bissau"
    },
    {
        "id": "HT",
        "name": "Haiti"
    },
    {
        "id": "HN",
        "name": "Honduras"
    },
    {
        "id": "HK",
        "name": "Hong Kong"
    },
    {
        "id": "HU",
        "name": "Hungria"
    },
    {
        "id": "YE",
        "name": "Iêmen"
    },
    {
        "id": "BV",
        "name": "Ilha Bouvet"
    },
    {
        "id": "CX",
        "name": "Ilha Christmas"
    },
    {
        "id": "IM",
        "name": "Ilha de Man"
    },
    {
        "id": "NF",
        "name": "Ilha Norfolk"
    },
    {
        "id": "AX",
        "name": "Ilhas Aland"
    },
    {
        "id": "KY",
        "name": "Ilhas Cayman"
    },
    {
        "id": "CC",
        "name": "Ilhas Cocos (Keeling)"
    },
    {
        "id": "CK",
        "name": "Ilhas Cook"
    },
    {
        "id": "FO",
        "name": "Ilhas Faroé"
    },
    {
        "id": "GS",
        "name": "Ilhas Geórgia do Sul e Sandwich do Sul"
    },
    {
        "id": "HM",
        "name": "Ilhas Heard e McDonald"
    },
    {
        "id": "FK",
        "name": "Ilhas Malvinas (Ilhas Falkland)"
    },
    {
        "id": "MP",
        "name": "Ilhas Marianas do Norte"
    },
    {
        "id": "MH",
        "name": "Ilhas Marshall"
    },
    {
        "id": "UM",
        "name": "Ilhas Menores Distantes dos EUA"
    },
    {
        "id": "PN",
        "name": "Ilhas Pitcairn"
    },
    {
        "id": "SB",
        "name": "Ilhas Salomão"
    },
    {
        "id": "TC",
        "name": "Ilhas Turcas e Caicos"
    },
    {
        "id": "VI",
        "name": "Ilhas Virgens Americanas"
    },
    {
        "id": "VG",
        "name": "Ilhas Virgens Britânicas"
    },
    {
        "id": "IN",
        "name": "Índia"
    },
    {
        "id": "ID",
        "name": "Indonésia"
    },
    {
        "id": "IR",
        "name": "Irã"
    },
    {
        "id": "IQ",
        "name": "Iraque"
    },
    {
        "id": "IE",
        "name": "Irlanda"
    },
    {
        "id": "IS",
        "name": "Islândia"
    },
    {
        "id": "IL",
        "name": "Israel"
    },
    {
        "id": "IT",
        "name": "Itália"
    },
    {
        "id": "JM",
        "name": "Jamaica"
    },
    {
        "id": "JP",
        "name": "Japão"
    },
    {
        "id": "JE",
        "name": "Jersey"
    },
    {
        "id": "JO",
        "name": "Jordânia"
    },
    {
        "id": "XK",
        "name": "Kosovo"
    },
    {
        "id": "KW",
        "name": "Kuwait"
    },
    {
        "id": "LA",
        "name": "Laos"
    },
    {
        "id": "LS",
        "name": "Lesoto"
    },
    {
        "id": "LV",
        "name": "Letônia"
    },
    {
        "id": "LB",
        "name": "Líbano"
    },
    {
        "id": "LR",
        "name": "Libéria"
    },
    {
        "id": "LY",
        "name": "Líbia"
    },
    {
        "id": "LI",
        "name": "Liechtenstein"
    },
    {
        "id": "LT",
        "name": "Lituânia"
    },
    {
        "id": "LU",
        "name": "Luxemburgo"
    },
    {
        "id": "MO",
        "name": "Macau"
    },
    {
        "id": "MK",
        "name": "Macedônia do Norte"
    },
    {
        "id": "MG",
        "name": "Madagascar"
    },
    {
        "id": "MY",
        "name": "Malásia"
    },
    {
        "id": "MW",
        "name": "Malaui"
    },
    {
        "id": "MV",
        "name": "Maldivas"
    },
    {
        "id": "ML",
        "name": "Mali"
    },
    {
        "id": "MT",
        "name": "Malta"
    },
    {
        "id": "MA",
        "name": "Marrocos"
    },
    {
        "id": "MQ",
        "name": "Martinica"
    },
    {
        "id": "MU",
        "name": "Maurício"
    },
    {
        "id": "MR",
        "name": "Mauritânia"
    },
    {
        "id": "YT",
        "name": "Mayotte"
    },
    {
        "id": "MX",
        "name": "México"
    },
    {
        "id": "MM",
        "name": "Mianmar (Birmânia)"
    },
    {
        "id": "FM",
        "name": "Micronésia"
    },
    {
        "id": "MZ",
        "name": "Moçambique"
    },
    {
        "id": "MD",
        "name": "Moldávia"
    },
    {
        "id": "MC",
        "name": "Mônaco"
    },
    {
        "id": "MN",
        "name": "Mongólia"
    },
    {
        "id": "ME",
        "name": "Montenegro"
    },
    {
        "id": "MS",
        "name": "Montserrat"
    },
    {
        "id": "NA",
        "name": "Namíbia"
    },
    {
        "id": "NR",
        "name": "Nauru"
    },
    {
        "id": "NP",
        "name": "Nepal"
    },
    {
        "id": "NI",
        "name": "Nicarágua"
    },
    {
        "id": "NE",
        "name": "Níger"
    },
    {
        "id": "NG",
        "name": "Nigéria"
    },
    {
        "id": "NU",
        "name": "Niue"
    },
    {
        "id": "NO",
        "name": "Noruega"
    },
    {
        "id": "NC",
        "name": "Nova Caledônia"
    },
    {
        "id": "NZ",
        "name": "Nova Zelândia"
    },
    {
        "id": "OM",
        "name": "Omã"
    },
    {
        "id": "NL",
        "name": "Países Baixos"
    },
    {
        "id": "PW",
        "name": "Palau"
    },
    {
        "id": "PS",
        "name": "Palestina"
    },
    {
        "id": "PA",
        "name": "Panamá"
    },
    {
        "id": "PG",
        "name": "Papua-Nova Guiné"
    },
    {
        "id": "PK",
        "name": "Paquistão"
    },
    {
        "id": "PY",
        "name": "Paraguai"
    },
    {
        "id": "PE",
        "name": "Peru"
    },
    {
        "id": "PF",
        "name": "Polinésia Francesa"
    },
    {
        "id": "PL",
        "name": "Polônia"
    },
    {
        "id": "PR",
        "name": "Porto Rico"
    },
    {
        "id": "PT",
        "name": "Portugal"
    },
    {
        "id": "KE",
        "name": "Quênia"
    },
    {
        "id": "KG",
        "name": "Quirguistão"
    },
    {
        "id": "KI",
        "name": "Quiribati"
    },
    {
        "id": "GB",
        "name": "Reino Unido"
    },
    {
        "id": "CF",
        "name": "República Centro-Africana"
    },
    {
        "id": "CG",
        "name": "República do Congo"
    },
    {
        "id": "DO",
        "name": "República Dominicana"
    },
    {
        "id": "RE",
        "name": "Reunião"
    },
    {
        "id": "RO",
        "name": "Romênia"
    },
    {
        "id": "RW",
        "name": "Ruanda"
    },
    {
        "id": "RU",
        "name": "Rússia"
    },
    {
        "id": "EH",
        "name": "Saara Ocidental"
    },
    {
        "id": "WS",
        "name": "Samoa"
    },
    {
        "id": "AS",
        "name": "Samoa Americana"
    },
    {
        "id": "SM",
        "name": "San Marino"
    },
    {
        "id": "SH",
        "name": "Santa Helena"
    },
    {
        "id": "LC",
        "name": "Santa Lúcia"
    },
    {
        "id": "KN",
        "name": "São Cristóvão e Névis"
    },
    {
        "id": "PM",
        "name": "São Pedro e Miquelão"
    },
    {
        "id": "ST",
        "name": "São Tomé e Príncipe"
    },
    {
        "id": "VC",
        "name": "São Vicente e Granadinas"
    },
    {
        "id": "SC",
        "name": "Seicheles"
    },
    {
        "id": "SN",
        "name": "Senegal"
    },
    {
        "id": "SL",
        "name": "Serra Leoa"
    },
    {
        "id": "RS",
        "name": "Sérvia"
    },
    {
        "id": "SG",
        "name": "Singapura"
    },
    {
        "id": "SY",
        "name": "Síria"
    },
    {
        "id": "SO",
        "name": "Somália"
    },
    {
        "id": "LK",
        "name": "Sri Lanka"
    },
    {
        "id": "SD",
        "name": "Sudão"
    },
    {
        "id": "SE",
        "name": "Suécia"
    },
    {
        "id": "CH",
        "name": "Suíça"
    },
    {
        "id": "SR",
        "name": "Suriname"
    },
    {
        "id": "SJ",
        "name": "Svalbard e Jan Mayen"
    },
    {
        "id": "TJ",
        "name": "Tadjiquistão"
    },
    {
        "id": "TH",
        "name": "Tailândia"
    },
    {
        "id": "TW",
        "name": "Taiwan"
    },
    {
        "id": "TZ",
        "name": "Tanzânia"
    },
    {
        "id": "CZ",
        "name": "Tchéquia"
    },
    {
        "id": "IO",
        "name": "Território Britânico do Oceano Índico"
    },
    {
        "id": "TF",
        "name": "Territórios Franceses do Sul"
    },
    {
        "id": "TL",
        "name": "Timor-Leste"
    },
    {
        "id": "TG",
        "name": "Togo"
    },
    {
        "id": "TK",
        "name": "Tokelau"
    },
    {
        "id": "TO",
        "name": "Tonga"
    },
    {
        "id": "TT",
        "name": "Trinidad e Tobago"
    },
    {
        "id": "TN",
        "name": "Tunísia"
    },
    {
        "id": "TM",
        "name": "Turcomenistão"
    },
    {
        "id": "TR",
        "name": "Turquia"
    },
    {
        "id": "TV",
        "name": "Tuvalu"
    },
    {
        "id": "UA",
        "name": "Ucrânia"
    },
    {
        "id": "UG",
        "name": "Uganda"
    },
    {
        "id": "UY",
        "name": "Uruguai"
    },
    {
        "id": "UZ",
        "name": "Uzbequistão"
    },
    {
        "id": "VU",
        "name": "Vanuatu"
    },
    {
        "id": "VE",
        "name": "Venezuela"
    },
    {
        "id": "VN",
        "name": "Vietnã"
    },
    {
        "id": "WF",
        "name": "Wallis e Futuna"
    },
    {
        "id": "ZM",
        "name": "Zâmbia"
    },
    {
        "id": "ZW",
        "name": "Zimbábue"
    }
]
