[
    {
        "id": "AU",
        "name": "Австралия"
    },
    {
        "id": "AT",
        "name": "Австрия"
    },
    {
        "id": "AZ",
        "name": "Азербайджан"
    },
    {
        "id": "AX",
        "name": "Аландские о-ва"
    },
    {
        "id": "AL",
        "name": "Албания"
    },
    {
        "id": "DZ",
        "name": "Алжир"
    },
    {
        "id": "AS",
        "name": "Американское Самоа"
    },
    {
        "id": "AI",
        "name": "Ангилья"
    },
    {
        "id": "AO",
        "name": "Ангола"
    },
    {
        "id": "AD",
        "name": "Андорра"
    },
    {
        "id": "AQ",
        "name": "Антарктида"
    },
    {
        "id": "AG",
        "name": "Антигуа и Барбуда"
    },
    {
        "id": "AR",
        "name": "Аргентина"
    },
    {
        "id": "AM",
        "name": "Армения"
    },
    {
        "id": "AW",
        "name": "Аруба"
    },
    {
        "id": "AF",
        "name": "Афганистан"
    },
    {
        "id": "BS",
        "name": "Багамы"
    },
    {
        "id": "BD",
        "name": "Бангладеш"
    },
    {
        "id": "BB",
        "name": "Барбадос"
    },
    {
        "id": "BH",
        "name": "Бахрейн"
    },
    {
        "id": "BY",
        "name": "Беларусь"
    },
    {
        "id": "BZ",
        "name": "Белиз"
    },
    {
        "id": "BE",
        "name": "Бельгия"
    },
    {
        "id": "BJ",
        "name": "Бенин"
    },
    {
        "id": "BM",
        "name": "Бермудские о-ва"
    },
    {
        "id": "BG",
        "name": "Болгария"
    },
    {
        "id": "BO",
        "name": "Боливия"
    },
    {
        "id": "BA",
        "name": "Босния и Герцеговина"
    },
    {
        "id": "BW",
        "name": "Ботсвана"
    },
    {
        "id": "BR",
        "name": "Бразилия"
    },
    {
        "id": "IO",
        "name": "Британская территория в Индийском океане"
    },
    {
        "id": "BN",
        "name": "Бруней-Даруссалам"
    },
    {
        "id": "BF",
        "name": "Буркина-Фасо"
    },
    {
        "id": "BI",
        "name": "Бурунди"
    },
    {
        "id": "BT",
        "name": "Бутан"
    },
    {
        "id": "VU",
        "name": "Вануату"
    },
    {
        "id": "VA",
        "name": "Ватикан"
    },
    {
        "id": "GB",
        "name": "Великобритания"
    },
    {
        "id": "HU",
        "name": "Венгрия"
    },
    {
        "id": "VE",
        "name": "Венесуэла"
    },
    {
        "id": "VG",
        "name": "Виргинские о-ва (Великобритания)"
    },
    {
        "id": "VI",
        "name": "Виргинские о-ва (США)"
    },
    {
        "id": "UM",
        "name": "Внешние малые о-ва (США)"
    },
    {
        "id": "TL",
        "name": "Восточный Тимор"
    },
    {
        "id": "VN",
        "name": "Вьетнам"
    },
    {
        "id": "GA",
        "name": "Габон"
    },
    {
        "id": "HT",
        "name": "Гаити"
    },
    {
        "id": "GY",
        "name": "Гайана"
    },
    {
        "id": "GM",
        "name": "Гамбия"
    },
    {
        "id": "GH",
        "name": "Гана"
    },
    {
        "id": "GP",
        "name": "Гваделупа"
    },
    {
        "id": "GT",
        "name": "Гватемала"
    },
    {
        "id": "GN",
        "name": "Гвинея"
    },
    {
        "id": "GW",
        "name": "Гвинея-Бисау"
    },
    {
        "id": "DE",
        "name": "Германия"
    },
    {
        "id": "GG",
        "name": "Гернси"
    },
    {
        "id": "GI",
        "name": "Гибралтар"
    },
    {
        "id": "HN",
        "name": "Гондурас"
    },
    {
        "id": "HK",
        "name": "Гонконг"
    },
    {
        "id": "GD",
        "name": "Гренада"
    },
    {
        "id": "GL",
        "name": "Гренландия"
    },
    {
        "id": "GR",
        "name": "Греция"
    },
    {
        "id": "GE",
        "name": "Грузия"
    },
    {
        "id": "GU",
        "name": "Гуам"
    },
    {
        "id": "DK",
        "name": "Дания"
    },
    {
        "id": "JE",
        "name": "Джерси"
    },
    {
        "id": "DJ",
        "name": "Джибути"
    },
    {
        "id": "DM",
        "name": "Доминика"
    },
    {
        "id": "DO",
        "name": "Доминиканская Республика"
    },
    {
        "id": "EG",
        "name": "Египет"
    },
    {
        "id": "ZM",
        "name": "Замбия"
    },
    {
        "id": "EH",
        "name": "Западная Сахара"
    },
    {
        "id": "ZW",
        "name": "Зимбабве"
    },
    {
        "id": "IL",
        "name": "Израиль"
    },
    {
        "id": "IN",
        "name": "Индия"
    },
    {
        "id": "ID",
        "name": "Индонезия"
    },
    {
        "id": "JO",
        "name": "Иордания"
    },
    {
        "id": "IQ",
        "name": "Ирак"
    },
    {
        "id": "IR",
        "name": "Иран"
    },
    {
        "id": "IE",
        "name": "Ирландия"
    },
    {
        "id": "IS",
        "name": "Исландия"
    },
    {
        "id": "ES",
        "name": "Испания"
    },
    {
        "id": "IT",
        "name": "Италия"
    },
    {
        "id": "YE",
        "name": "Йемен"
    },
    {
        "id": "CV",
        "name": "Кабо-Верде"
    },
    {
        "id": "KZ",
        "name": "Казахстан"
    },
    {
        "id": "KH",
        "name": "Камбоджа"
    },
    {
        "id": "CM",
        "name": "Камерун"
    },
    {
        "id": "CA",
        "name": "Канада"
    },
    {
        "id": "QA",
        "name": "Катар"
    },
    {
        "id": "KE",
        "name": "Кения"
    },
    {
        "id": "CY",
        "name": "Кипр"
    },
    {
        "id": "KG",
        "name": "Киргизия"
    },
    {
        "id": "KI",
        "name": "Кирибати"
    },
    {
        "id": "CN",
        "name": "Китай"
    },
    {
        "id": "KP",
        "name": "КНДР"
    },
    {
        "id": "CC",
        "name": "Кокосовые о-ва"
    },
    {
        "id": "CO",
        "name": "Колумбия"
    },
    {
        "id": "KM",
        "name": "Коморы"
    },
    {
        "id": "CG",
        "name": "Конго - Браззавиль"
    },
    {
        "id": "CD",
        "name": "Конго - Киншаса"
    },
    {
        "id": "XK",
        "name": "Косово"
    },
    {
        "id": "CR",
        "name": "Коста-Рика"
    },
    {
        "id": "CI",
        "name": "Кот-д’Ивуар"
    },
    {
        "id": "CU",
        "name": "Куба"
    },
    {
        "id": "KW",
        "name": "Кувейт"
    },
    {
        "id": "AN",
        "name": "Кюрасао"
    },
    {
        "id": "LA",
        "name": "Лаос"
    },
    {
        "id": "LV",
        "name": "Латвия"
    },
    {
        "id": "LS",
        "name": "Лесото"
    },
    {
        "id": "LR",
        "name": "Либерия"
    },
    {
        "id": "LB",
        "name": "Ливан"
    },
    {
        "id": "LY",
        "name": "Ливия"
    },
    {
        "id": "LT",
        "name": "Литва"
    },
    {
        "id": "LI",
        "name": "Лихтенштейн"
    },
    {
        "id": "LU",
        "name": "Люксембург"
    },
    {
        "id": "MU",
        "name": "Маврикий"
    },
    {
        "id": "MR",
        "name": "Мавритания"
    },
    {
        "id": "MG",
        "name": "Мадагаскар"
    },
    {
        "id": "YT",
        "name": "Майотта"
    },
    {
        "id": "MO",
        "name": "Макао"
    },
    {
        "id": "MW",
        "name": "Малави"
    },
    {
        "id": "MY",
        "name": "Малайзия"
    },
    {
        "id": "ML",
        "name": "Мали"
    },
    {
        "id": "MV",
        "name": "Мальдивы"
    },
    {
        "id": "MT",
        "name": "Мальта"
    },
    {
        "id": "MA",
        "name": "Марокко"
    },
    {
        "id": "MQ",
        "name": "Мартиника"
    },
    {
        "id": "MH",
        "name": "Маршалловы Острова"
    },
    {
        "id": "MX",
        "name": "Мексика"
    },
    {
        "id": "MZ",
        "name": "Мозамбик"
    },
    {
        "id": "MD",
        "name": "Молдова"
    },
    {
        "id": "MC",
        "name": "Монако"
    },
    {
        "id": "MN",
        "name": "Монголия"
    },
    {
        "id": "MS",
        "name": "Монтсеррат"
    },
    {
        "id": "MM",
        "name": "Мьянма (Бирма)"
    },
    {
        "id": "NA",
        "name": "Намибия"
    },
    {
        "id": "NR",
        "name": "Науру"
    },
    {
        "id": "NP",
        "name": "Непал"
    },
    {
        "id": "NE",
        "name": "Нигер"
    },
    {
        "id": "NG",
        "name": "Нигерия"
    },
    {
        "id": "NL",
        "name": "Нидерланды"
    },
    {
        "id": "NI",
        "name": "Никарагуа"
    },
    {
        "id": "NU",
        "name": "Ниуэ"
    },
    {
        "id": "NZ",
        "name": "Новая Зеландия"
    },
    {
        "id": "NC",
        "name": "Новая Каледония"
    },
    {
        "id": "NO",
        "name": "Норвегия"
    },
    {
        "id": "BV",
        "name": "о-в Буве"
    },
    {
        "id": "IM",
        "name": "о-в Мэн"
    },
    {
        "id": "NF",
        "name": "о-в Норфолк"
    },
    {
        "id": "CX",
        "name": "о-в Рождества"
    },
    {
        "id": "SH",
        "name": "о-в Св. Елены"
    },
    {
        "id": "PN",
        "name": "о-ва Питкэрн"
    },
    {
        "id": "TC",
        "name": "о-ва Тёркс и Кайкос"
    },
    {
        "id": "HM",
        "name": "о-ва Херд и Макдональд"
    },
    {
        "id": "AE",
        "name": "ОАЭ"
    },
    {
        "id": "OM",
        "name": "Оман"
    },
    {
        "id": "KY",
        "name": "Острова Кайман"
    },
    {
        "id": "CK",
        "name": "Острова Кука"
    },
    {
        "id": "PK",
        "name": "Пакистан"
    },
    {
        "id": "PW",
        "name": "Палау"
    },
    {
        "id": "PS",
        "name": "Палестина"
    },
    {
        "id": "PA",
        "name": "Панама"
    },
    {
        "id": "PG",
        "name": "Папуа — Новая Гвинея"
    },
    {
        "id": "PY",
        "name": "Парагвай"
    },
    {
        "id": "PE",
        "name": "Перу"
    },
    {
        "id": "PL",
        "name": "Польша"
    },
    {
        "id": "PT",
        "name": "Португалия"
    },
    {
        "id": "PR",
        "name": "Пуэрто-Рико"
    },
    {
        "id": "KR",
        "name": "Республика Корея"
    },
    {
        "id": "RE",
        "name": "Реюньон"
    },
    {
        "id": "RU",
        "name": "Россия"
    },
    {
        "id": "RW",
        "name": "Руанда"
    },
    {
        "id": "RO",
        "name": "Румыния"
    },
    {
        "id": "SV",
        "name": "Сальвадор"
    },
    {
        "id": "WS",
        "name": "Самоа"
    },
    {
        "id": "SM",
        "name": "Сан-Марино"
    },
    {
        "id": "ST",
        "name": "Сан-Томе и Принсипи"
    },
    {
        "id": "SA",
        "name": "Саудовская Аравия"
    },
    {
        "id": "MK",
        "name": "Северная Македония"
    },
    {
        "id": "MP",
        "name": "Северные Марианские о-ва"
    },
    {
        "id": "SC",
        "name": "Сейшельские Острова"
    },
    {
        "id": "PM",
        "name": "Сен-Пьер и Микелон"
    },
    {
        "id": "SN",
        "name": "Сенегал"
    },
    {
        "id": "VC",
        "name": "Сент-Винсент и Гренадины"
    },
    {
        "id": "KN",
        "name": "Сент-Китс и Невис"
    },
    {
        "id": "LC",
        "name": "Сент-Люсия"
    },
    {
        "id": "RS",
        "name": "Сербия"
    },
    {
        "id": "SG",
        "name": "Сингапур"
    },
    {
        "id": "SY",
        "name": "Сирия"
    },
    {
        "id": "SK",
        "name": "Словакия"
    },
    {
        "id": "SI",
        "name": "Словения"
    },
    {
        "id": "US",
        "name": "Соединенные Штаты"
    },
    {
        "id": "SB",
        "name": "Соломоновы Острова"
    },
    {
        "id": "SO",
        "name": "Сомали"
    },
    {
        "id": "SD",
        "name": "Судан"
    },
    {
        "id": "SR",
        "name": "Суринам"
    },
    {
        "id": "SL",
        "name": "Сьерра-Леоне"
    },
    {
        "id": "TJ",
        "name": "Таджикистан"
    },
    {
        "id": "TH",
        "name": "Таиланд"
    },
    {
        "id": "TW",
        "name": "Тайвань"
    },
    {
        "id": "TZ",
        "name": "Танзания"
    },
    {
        "id": "TG",
        "name": "Того"
    },
    {
        "id": "TK",
        "name": "Токелау"
    },
    {
        "id": "TO",
        "name": "Тонга"
    },
    {
        "id": "TT",
        "name": "Тринидад и Тобаго"
    },
    {
        "id": "TV",
        "name": "Тувалу"
    },
    {
        "id": "TN",
        "name": "Тунис"
    },
    {
        "id": "TM",
        "name": "Туркменистан"
    },
    {
        "id": "TR",
        "name": "Турция"
    },
    {
        "id": "UG",
        "name": "Уганда"
    },
    {
        "id": "UZ",
        "name": "Узбекистан"
    },
    {
        "id": "UA",
        "name": "Украина"
    },
    {
        "id": "WF",
        "name": "Уоллис и Футуна"
    },
    {
        "id": "UY",
        "name": "Уругвай"
    },
    {
        "id": "FO",
        "name": "Фарерские о-ва"
    },
    {
        "id": "FM",
        "name": "Федеративные Штаты Микронезии"
    },
    {
        "id": "FJ",
        "name": "Фиджи"
    },
    {
        "id": "PH",
        "name": "Филиппины"
    },
    {
        "id": "FI",
        "name": "Финляндия"
    },
    {
        "id": "FK",
        "name": "Фолклендские (Мальвинские) о-ва"
    },
    {
        "id": "FR",
        "name": "Франция"
    },
    {
        "id": "GF",
        "name": "Французская Гвиана"
    },
    {
        "id": "PF",
        "name": "Французская Полинезия"
    },
    {
        "id": "TF",
        "name": "Французские Южные территории"
    },
    {
        "id": "HR",
        "name": "Хорватия"
    },
    {
        "id": "CF",
        "name": "Центрально-Африканская Республика"
    },
    {
        "id": "TD",
        "name": "Чад"
    },
    {
        "id": "ME",
        "name": "Черногория"
    },
    {
        "id": "CZ",
        "name": "Чехия"
    },
    {
        "id": "CL",
        "name": "Чили"
    },
    {
        "id": "CH",
        "name": "Швейцария"
    },
    {
        "id": "SE",
        "name": "Швеция"
    },
    {
        "id": "SJ",
        "name": "Шпицберген и Ян-Майен"
    },
    {
        "id": "LK",
        "name": "Шри-Ланка"
    },
    {
        "id": "EC",
        "name": "Эквадор"
    },
    {
        "id": "GQ",
        "name": "Экваториальная Гвинея"
    },
    {
        "id": "ER",
        "name": "Эритрея"
    },
    {
        "id": "SZ",
        "name": "Эсватини"
    },
    {
        "id": "EE",
        "name": "Эстония"
    },
    {
        "id": "ET",
        "name": "Эфиопия"
    },
    {
        "id": "GS",
        "name": "Южная Георгия и Южные Сандвичевы о-ва"
    },
    {
        "id": "ZA",
        "name": "Южно-Африканская Республика"
    },
    {
        "id": "JM",
        "name": "Ямайка"
    },
    {
        "id": "JP",
        "name": "Япония"
    }
]
