[
    {
        "id": "BT",
        "name": "不丹"
    },
    {
        "id": "CN",
        "name": "中國"
    },
    {
        "id": "CF",
        "name": "中非共和國"
    },
    {
        "id": "DK",
        "name": "丹麥"
    },
    {
        "id": "AZ",
        "name": "亞塞拜然"
    },
    {
        "id": "AM",
        "name": "亞美尼亞"
    },
    {
        "id": "IL",
        "name": "以色列"
    },
    {
        "id": "IQ",
        "name": "伊拉克"
    },
    {
        "id": "IR",
        "name": "伊朗"
    },
    {
        "id": "RU",
        "name": "俄羅斯"
    },
    {
        "id": "BG",
        "name": "保加利亞"
    },
    {
        "id": "HR",
        "name": "克羅埃西亞"
    },
    {
        "id": "IS",
        "name": "冰島"
    },
    {
        "id": "LI",
        "name": "列支敦斯登"
    },
    {
        "id": "LY",
        "name": "利比亞"
    },
    {
        "id": "CG",
        "name": "剛果（布拉薩）"
    },
    {
        "id": "CD",
        "name": "剛果（金夏沙）"
    },
    {
        "id": "GA",
        "name": "加彭"
    },
    {
        "id": "CA",
        "name": "加拿大"
    },
    {
        "id": "HU",
        "name": "匈牙利"
    },
    {
        "id": "KP",
        "name": "北韓"
    },
    {
        "id": "MK",
        "name": "北馬其頓"
    },
    {
        "id": "MP",
        "name": "北馬利安納群島"
    },
    {
        "id": "TT",
        "name": "千里達及托巴哥"
    },
    {
        "id": "GS",
        "name": "南喬治亞與南三明治群島"
    },
    {
        "id": "AQ",
        "name": "南極洲"
    },
    {
        "id": "ZA",
        "name": "南非"
    },
    {
        "id": "KR",
        "name": "南韓"
    },
    {
        "id": "QA",
        "name": "卡達"
    },
    {
        "id": "ID",
        "name": "印尼"
    },
    {
        "id": "IN",
        "name": "印度"
    },
    {
        "id": "ER",
        "name": "厄利垂亞"
    },
    {
        "id": "EC",
        "name": "厄瓜多"
    },
    {
        "id": "CU",
        "name": "古巴"
    },
    {
        "id": "TW",
        "name": "台灣"
    },
    {
        "id": "SZ",
        "name": "史瓦帝尼"
    },
    {
        "id": "DJ",
        "name": "吉布地"
    },
    {
        "id": "KG",
        "name": "吉爾吉斯"
    },
    {
        "id": "KI",
        "name": "吉里巴斯"
    },
    {
        "id": "TV",
        "name": "吐瓦魯"
    },
    {
        "id": "KZ",
        "name": "哈薩克"
    },
    {
        "id": "CO",
        "name": "哥倫比亞"
    },
    {
        "id": "CR",
        "name": "哥斯大黎加"
    },
    {
        "id": "CM",
        "name": "喀麥隆"
    },
    {
        "id": "GE",
        "name": "喬治亞"
    },
    {
        "id": "TC",
        "name": "土克斯及開科斯群島"
    },
    {
        "id": "TM",
        "name": "土庫曼"
    },
    {
        "id": "TR",
        "name": "土耳其"
    },
    {
        "id": "TZ",
        "name": "坦尚尼亞"
    },
    {
        "id": "EG",
        "name": "埃及"
    },
    {
        "id": "TJ",
        "name": "塔吉克"
    },
    {
        "id": "SN",
        "name": "塞內加爾"
    },
    {
        "id": "SC",
        "name": "塞席爾"
    },
    {
        "id": "RS",
        "name": "塞爾維亞"
    },
    {
        "id": "TG",
        "name": "多哥"
    },
    {
        "id": "DO",
        "name": "多明尼加共和國"
    },
    {
        "id": "DM",
        "name": "多米尼克"
    },
    {
        "id": "NG",
        "name": "奈及利亞"
    },
    {
        "id": "AT",
        "name": "奧地利"
    },
    {
        "id": "AX",
        "name": "奧蘭群島"
    },
    {
        "id": "VE",
        "name": "委內瑞拉"
    },
    {
        "id": "BD",
        "name": "孟加拉"
    },
    {
        "id": "AO",
        "name": "安哥拉"
    },
    {
        "id": "AG",
        "name": "安地卡及巴布達"
    },
    {
        "id": "AI",
        "name": "安奎拉"
    },
    {
        "id": "AD",
        "name": "安道爾"
    },
    {
        "id": "HN",
        "name": "宏都拉斯"
    },
    {
        "id": "FM",
        "name": "密克羅尼西亞"
    },
    {
        "id": "LA",
        "name": "寮國"
    },
    {
        "id": "ZM",
        "name": "尚比亞"
    },
    {
        "id": "NI",
        "name": "尼加拉瓜"
    },
    {
        "id": "NE",
        "name": "尼日"
    },
    {
        "id": "NP",
        "name": "尼泊爾"
    },
    {
        "id": "PS",
        "name": "巴勒斯坦"
    },
    {
        "id": "BS",
        "name": "巴哈馬"
    },
    {
        "id": "PK",
        "name": "巴基斯坦"
    },
    {
        "id": "PG",
        "name": "巴布亞紐幾內亞"
    },
    {
        "id": "PY",
        "name": "巴拉圭"
    },
    {
        "id": "PA",
        "name": "巴拿馬"
    },
    {
        "id": "BH",
        "name": "巴林"
    },
    {
        "id": "BR",
        "name": "巴西"
    },
    {
        "id": "BB",
        "name": "巴貝多"
    },
    {
        "id": "BF",
        "name": "布吉納法索"
    },
    {
        "id": "BV",
        "name": "布威島"
    },
    {
        "id": "GR",
        "name": "希臘"
    },
    {
        "id": "PW",
        "name": "帛琉"
    },
    {
        "id": "GN",
        "name": "幾內亞"
    },
    {
        "id": "GW",
        "name": "幾內亞比索"
    },
    {
        "id": "CK",
        "name": "庫克群島"
    },
    {
        "id": "AN",
        "name": "庫拉索"
    },
    {
        "id": "DE",
        "name": "德國"
    },
    {
        "id": "EE",
        "name": "愛沙尼亞"
    },
    {
        "id": "IE",
        "name": "愛爾蘭"
    },
    {
        "id": "TK",
        "name": "托克勞群島"
    },
    {
        "id": "LV",
        "name": "拉脫維亞"
    },
    {
        "id": "NO",
        "name": "挪威"
    },
    {
        "id": "SJ",
        "name": "挪威屬斯瓦巴及尖棉"
    },
    {
        "id": "CZ",
        "name": "捷克"
    },
    {
        "id": "MA",
        "name": "摩洛哥"
    },
    {
        "id": "MD",
        "name": "摩爾多瓦"
    },
    {
        "id": "MC",
        "name": "摩納哥"
    },
    {
        "id": "SY",
        "name": "敘利亞"
    },
    {
        "id": "FJ",
        "name": "斐濟"
    },
    {
        "id": "SK",
        "name": "斯洛伐克"
    },
    {
        "id": "SI",
        "name": "斯洛維尼亞"
    },
    {
        "id": "LK",
        "name": "斯里蘭卡"
    },
    {
        "id": "SG",
        "name": "新加坡"
    },
    {
        "id": "NC",
        "name": "新喀里多尼亞"
    },
    {
        "id": "JP",
        "name": "日本"
    },
    {
        "id": "CL",
        "name": "智利"
    },
    {
        "id": "IM",
        "name": "曼島"
    },
    {
        "id": "TO",
        "name": "東加"
    },
    {
        "id": "TL",
        "name": "東帝汶"
    },
    {
        "id": "TD",
        "name": "查德"
    },
    {
        "id": "KH",
        "name": "柬埔寨"
    },
    {
        "id": "GG",
        "name": "根息"
    },
    {
        "id": "GD",
        "name": "格瑞那達"
    },
    {
        "id": "GL",
        "name": "格陵蘭"
    },
    {
        "id": "VA",
        "name": "梵蒂岡"
    },
    {
        "id": "MU",
        "name": "模里西斯"
    },
    {
        "id": "BE",
        "name": "比利時"
    },
    {
        "id": "BN",
        "name": "汶萊"
    },
    {
        "id": "SA",
        "name": "沙烏地阿拉伯"
    },
    {
        "id": "FR",
        "name": "法國"
    },
    {
        "id": "TF",
        "name": "法屬南部屬地"
    },
    {
        "id": "GF",
        "name": "法屬圭亞那"
    },
    {
        "id": "PF",
        "name": "法屬玻里尼西亞"
    },
    {
        "id": "FO",
        "name": "法羅群島"
    },
    {
        "id": "BA",
        "name": "波士尼亞與赫塞哥維納"
    },
    {
        "id": "PR",
        "name": "波多黎各"
    },
    {
        "id": "BW",
        "name": "波札那"
    },
    {
        "id": "PL",
        "name": "波蘭"
    },
    {
        "id": "TH",
        "name": "泰國"
    },
    {
        "id": "HT",
        "name": "海地"
    },
    {
        "id": "JE",
        "name": "澤西島"
    },
    {
        "id": "AU",
        "name": "澳洲"
    },
    {
        "id": "MO",
        "name": "澳門"
    },
    {
        "id": "UA",
        "name": "烏克蘭"
    },
    {
        "id": "UG",
        "name": "烏干達"
    },
    {
        "id": "UY",
        "name": "烏拉圭"
    },
    {
        "id": "UZ",
        "name": "烏茲別克"
    },
    {
        "id": "JM",
        "name": "牙買加"
    },
    {
        "id": "SL",
        "name": "獅子山"
    },
    {
        "id": "BO",
        "name": "玻利維亞"
    },
    {
        "id": "SE",
        "name": "瑞典"
    },
    {
        "id": "CH",
        "name": "瑞士"
    },
    {
        "id": "GP",
        "name": "瓜地洛普"
    },
    {
        "id": "GT",
        "name": "瓜地馬拉"
    },
    {
        "id": "WF",
        "name": "瓦利斯群島和富圖那群島"
    },
    {
        "id": "GM",
        "name": "甘比亞"
    },
    {
        "id": "RE",
        "name": "留尼旺"
    },
    {
        "id": "BY",
        "name": "白俄羅斯"
    },
    {
        "id": "BM",
        "name": "百慕達"
    },
    {
        "id": "PN",
        "name": "皮特肯群島"
    },
    {
        "id": "RW",
        "name": "盧安達"
    },
    {
        "id": "LU",
        "name": "盧森堡"
    },
    {
        "id": "GI",
        "name": "直布羅陀"
    },
    {
        "id": "FK",
        "name": "福克蘭群島（馬爾維納斯群島）"
    },
    {
        "id": "VU",
        "name": "萬那杜"
    },
    {
        "id": "CC",
        "name": "科克斯（基靈）群島"
    },
    {
        "id": "KW",
        "name": "科威特"
    },
    {
        "id": "XK",
        "name": "科索沃"
    },
    {
        "id": "PE",
        "name": "秘魯"
    },
    {
        "id": "TN",
        "name": "突尼西亞"
    },
    {
        "id": "LT",
        "name": "立陶宛"
    },
    {
        "id": "JO",
        "name": "約旦"
    },
    {
        "id": "NA",
        "name": "納米比亞"
    },
    {
        "id": "NU",
        "name": "紐埃島"
    },
    {
        "id": "NZ",
        "name": "紐西蘭"
    },
    {
        "id": "SB",
        "name": "索羅門群島"
    },
    {
        "id": "SO",
        "name": "索馬利亞"
    },
    {
        "id": "CV",
        "name": "維德角"
    },
    {
        "id": "MM",
        "name": "緬甸"
    },
    {
        "id": "RO",
        "name": "羅馬尼亞"
    },
    {
        "id": "US",
        "name": "美國"
    },
    {
        "id": "UM",
        "name": "美國本土外小島嶼"
    },
    {
        "id": "VI",
        "name": "美屬維京群島"
    },
    {
        "id": "AS",
        "name": "美屬薩摩亞"
    },
    {
        "id": "IT",
        "name": "義大利"
    },
    {
        "id": "KN",
        "name": "聖克里斯多福及尼維斯"
    },
    {
        "id": "ST",
        "name": "聖多美普林西比"
    },
    {
        "id": "VC",
        "name": "聖文森及格瑞那丁"
    },
    {
        "id": "PM",
        "name": "聖皮埃與密克隆群島"
    },
    {
        "id": "CX",
        "name": "聖誕島"
    },
    {
        "id": "SH",
        "name": "聖赫勒拿島"
    },
    {
        "id": "LC",
        "name": "聖露西亞"
    },
    {
        "id": "SM",
        "name": "聖馬利諾"
    },
    {
        "id": "KE",
        "name": "肯亞"
    },
    {
        "id": "FI",
        "name": "芬蘭"
    },
    {
        "id": "GB",
        "name": "英國"
    },
    {
        "id": "IO",
        "name": "英屬印度洋領地"
    },
    {
        "id": "VG",
        "name": "英屬維京群島"
    },
    {
        "id": "MR",
        "name": "茅利塔尼亞"
    },
    {
        "id": "AW",
        "name": "荷屬阿魯巴"
    },
    {
        "id": "NL",
        "name": "荷蘭"
    },
    {
        "id": "MZ",
        "name": "莫三比克"
    },
    {
        "id": "PH",
        "name": "菲律賓"
    },
    {
        "id": "YE",
        "name": "葉門"
    },
    {
        "id": "KM",
        "name": "葛摩"
    },
    {
        "id": "PT",
        "name": "葡萄牙"
    },
    {
        "id": "MN",
        "name": "蒙古"
    },
    {
        "id": "MS",
        "name": "蒙哲臘"
    },
    {
        "id": "ME",
        "name": "蒙特內哥羅"
    },
    {
        "id": "BI",
        "name": "蒲隆地"
    },
    {
        "id": "GY",
        "name": "蓋亞那"
    },
    {
        "id": "WS",
        "name": "薩摩亞"
    },
    {
        "id": "SV",
        "name": "薩爾瓦多"
    },
    {
        "id": "SD",
        "name": "蘇丹"
    },
    {
        "id": "SR",
        "name": "蘇利南"
    },
    {
        "id": "ET",
        "name": "衣索比亞"
    },
    {
        "id": "EH",
        "name": "西撒哈拉"
    },
    {
        "id": "ES",
        "name": "西班牙"
    },
    {
        "id": "NF",
        "name": "諾福克島"
    },
    {
        "id": "NR",
        "name": "諾魯"
    },
    {
        "id": "CI",
        "name": "象牙海岸"
    },
    {
        "id": "BJ",
        "name": "貝南"
    },
    {
        "id": "BZ",
        "name": "貝里斯"
    },
    {
        "id": "LR",
        "name": "賴比瑞亞"
    },
    {
        "id": "LS",
        "name": "賴索托"
    },
    {
        "id": "CY",
        "name": "賽普勒斯"
    },
    {
        "id": "GQ",
        "name": "赤道幾內亞"
    },
    {
        "id": "HM",
        "name": "赫德島及麥唐納群島"
    },
    {
        "id": "VN",
        "name": "越南"
    },
    {
        "id": "ZW",
        "name": "辛巴威"
    },
    {
        "id": "GH",
        "name": "迦納"
    },
    {
        "id": "KY",
        "name": "開曼群島"
    },
    {
        "id": "GU",
        "name": "關島"
    },
    {
        "id": "AF",
        "name": "阿富汗"
    },
    {
        "id": "AE",
        "name": "阿拉伯聯合大公國"
    },
    {
        "id": "OM",
        "name": "阿曼"
    },
    {
        "id": "AR",
        "name": "阿根廷"
    },
    {
        "id": "DZ",
        "name": "阿爾及利亞"
    },
    {
        "id": "AL",
        "name": "阿爾巴尼亞"
    },
    {
        "id": "HK",
        "name": "香港"
    },
    {
        "id": "MQ",
        "name": "馬丁尼克"
    },
    {
        "id": "MY",
        "name": "馬來西亞"
    },
    {
        "id": "ML",
        "name": "馬利"
    },
    {
        "id": "MW",
        "name": "馬拉威"
    },
    {
        "id": "MT",
        "name": "馬爾他"
    },
    {
        "id": "MV",
        "name": "馬爾地夫"
    },
    {
        "id": "YT",
        "name": "馬約特島"
    },
    {
        "id": "MH",
        "name": "馬紹爾群島"
    },
    {
        "id": "MG",
        "name": "馬達加斯加"
    },
    {
        "id": "LB",
        "name": "黎巴嫩"
    },
    {
        "id": "MX",
        "name": "墨西哥"
    }
]
